Site▲▼,98/99▲▼,99/00▲▼,00/01▲▼,01/02▲▼,02/03▲▼,03/04▲▼,04/05▲▼,05/06▲▼,06/07▲▼,07/08▲▼,08/09▲▼,09/10▲▼,10/11▲▼,11/12▲▼,12/13▲▼,13/14▲▼,14/15▲▼,15/16▲▼,16/17▲▼,17/18▲▼,Mon,Moving5yr avg▲▼,13/14-17/185yr avg▲▼
Lower Windrush Valley Gravel Pits,13196,"14,061Standard visit under the WeBS Low Tide Count SurveyWeBS",16162,"19,583Supplementary visit under the WeBS Core Count SurveyWeBS","17,520Supplementary visit under the WeBS Core Count SurveyWeBS","21,500Supplementary visit under the WeBS Core Count SurveyWeBS","26,250All-Ireland Light-bellied Brent Goose CensusKendrew Colhoun in litt","21,885All-Ireland Light-bellied Brent Goose CensusKendrew Colhoun in litt",24658,30457,20702,21375,33750,33037,28494,0.0,0.0,0.0,0.0,0.0,nan,0.0,0.0,1,2019-11-21 14:19:10
nan,14100,7346,7371,12158,"(8,908)",6741,9456,12567,8104,22047,11684,12542,23057,16759,16306,nan,nan,nan,nan,nan,nan,nan,nan,1,2019-11-21 14:19:10
nan,17736,28811,19518,17926,20318,18735,21969,24490,20870,21101,13993,15439,16104,15765,14729,nan,nan,nan,nan,nan,nan,nan,nan,1,2019-11-21 14:19:10
nan,8142,"(9,267)",7420,7470,7358,8290,7436,9018,9605,12171,8758,8569,11434,10309,10868,nan,nan,nan,nan,nan,nan,nan,nan,1,2019-11-21 14:19:10
nan,5160,9838,"(9,860)","(7,195)",6100,4892,7178,5946,7293,8278,6692,7567,5410,7657,7109,nan,nan,nan,nan,nan,nan,nan,nan,1,2019-11-21 14:19:10
nan,2320,3879,4047,4333,3567,3336,5890,5952,4089,4157,2804,"(5,572)","(5,935)",4754,6527,nan,nan,nan,nan,nan,nan,nan,nan,1,2019-11-21 14:19:10
nan,"10,100Supplementary roost count under the WeBS Core Count SurveyWeBS","12,969Supplementary roost count under the WeBS Core Count SurveyWeBS",10201,8033,9180,"6,125Supplementary roost count under the WeBS Core Count SurveyWeBS",6607,8832,7091,7614,6614,5831,5673,6421,5465,nan,nan,nan,nan,nan,nan,nan,nan,1,2019-11-21 14:19:10
nan,"(2,685)","(3,614)",3310,2573,409,1959,2538,2123,1296,2536,2076,2839,1135,4236,"(2,536)",nan,nan,nan,nan,nan,nan,nan,nan,1,2019-11-21 14:19:10
nan,"6,230Standard visit under the WeBS Low Tide Count SurveyWeBS",6929,5081,4817,4687,5050,5073,5499,4907,"5,358Supplementary visit under the WeBS Core Count SurveyWeBS",4165,"4,930Standard visit under the WeBS Low Tide Count SurveyWeBS",3947,5690,5214,nan,nan,nan,nan,nan,nan,nan,nan,1,2019-11-21 14:19:10
nan,2453,"(5,488)",4446,3473,3084,2914,"(3,848)",3520,"(4,312)",4232,"2,813Supplementary visit under the WeBS Core Count SurveyWeBS",2984,"2,627Standard visit under the WeBS Low Tide Count SurveyWeBS","(3,852)",2864,nan,nan,nan,nan,nan,nan,nan,nan,1,2019-11-21 14:19:10
nan,2601,"(1,551)",2456,1798,1160,1507,1538,2445,2901,"(3,560)",2364,3871,2499,3006,"(3,045)",nan,nan,nan,nan,nan,nan,nan,nan,1,2019-11-21 14:19:10
nan,"(2,840)","(1,820)","(3,654)","(4,877)","(3,150)",3716,"2,505Standard visit under the WeBS Low Tide Count SurveyWeBS",3695,"(3,350)","(3,841)",3996,"(4,960)",5637,4180,4166,nan,nan,nan,nan,nan,nan,nan,nan,1,2019-11-21 14:19:10
nan,2540,2404,"(1,651)",1432,"(2,351)",1974,"(2,667)","(2,636)",4588,"(2,430)",2801,3275,2524,3678,2888,nan,nan,nan,nan,nan,nan,nan,nan,1,2019-11-21 14:19:10
nan,2169,"(2,661)","(1,827)","(1,682)",2185,2293,1725,2926,3162,"(2,500)","2,538Standard visit under the WeBS Low Tide Count SurveyWeBS","(2,030)",2054,"(2,819)","(2,106)",nan,nan,nan,nan,nan,nan,nan,nan,1,2019-11-21 14:19:10
nan,2290,1405,1815,2188,398,1337,2625,1436,1555,1814,2205,"2,190Standard visit under the WeBS Low Tide Count SurveyWeBS",2426,1999,1582,nan,nan,nan,nan,nan,nan,nan,nan,1,2019-11-21 14:19:10
nan,2766,1934,3469,1841,"1,563Supplementary visit under the WeBS Core Count SurveyWeBS","3,277Supplementary visit under the WeBS Core Count SurveyWeBS","1,603All-Ireland Light-bellied Brent Goose CensusKendrew Colhoun in litt",3968,2177,3251,2550,3862,2652,2927,3722,nan,nan,nan,nan,nan,nan,nan,nan,1,2019-11-21 14:19:10
nan,2215,1800,2149,"1,678Standard visit under the WeBS Low Tide Count SurveyWeBS",1278,1210,2111,1861,2310,1857,2115,"(1,783)",1448,4126,2497,nan,nan,nan,nan,nan,nan,nan,nan,1,2019-11-21 14:19:10
nan,1260,"2,438Standard visit under the WeBS Low Tide Count SurveyWeBS",2520,3180,2252,1210,2654,2822,2744,2341,2523,3015,2453,2500,"(2,351)",nan,nan,nan,nan,nan,nan,nan,nan,1,2019-11-21 14:19:10
nan,2367,1769,"1,716Standard visit under the WeBS Low Tide Count SurveyWeBS",1412,1753,1914,1782,1617,2063,2038,1726,1891,1875,"2,162Standard visit under the WeBS Low Tide Count SurveyWeBS",3176,nan,nan,nan,nan,nan,nan,nan,nan,1,2019-11-21 14:19:10
nan,918Standard visit under the WeBS Low Tide Count SurveyWeBS,"1,656Standard visit under the WeBS Low Tide Count SurveyWeBS",1241,1455,1327,1274,1386,993,1157,1712,877,"1,055Supplementary visit under the WeBS Core Count SurveyWeBS",1649,2497,1257,nan,nan,nan,nan,nan,nan,nan,nan,1,2019-11-21 14:19:10
nan,2659,"(2,114)",1616,2350,1500,1790,"(2,208)",2377,1808,2101,1885,2050,1800,2197,2110,nan,nan,nan,nan,nan,nan,nan,nan,1,2019-11-21 14:19:10
nan,1647,1816,1346,1183,1714,1368,1645,1531,1374,1820,1614,1317,1219,1586,1400,nan,nan,nan,nan,nan,nan,nan,nan,1,2019-11-21 14:19:10
nan,"1,411Supplementary visit under the WeBS Low Tide Count SurveyWeBS","(1,727)",1800,1660,1780,"(1,236)","(1,444)",2034,1662,2115,1469,1382,1707,1423,1443,nan,nan,nan,nan,nan,nan,nan,nan,1,2019-11-21 14:19:10
nan,"(2,551)","(1,771)",1029,1678,1167,801,"1,504Standard visit under the WeBS Low Tide Count SurveyWeBS","(1,515)",1076,1367,929,1509,1602,2016,(579),nan,nan,nan,nan,nan,nan,nan,nan,1,2019-11-21 14:19:10
nan,1297,1354,1708,600,740,868,772,1160,1146,721,812,"1,168Standard visit under the WeBS Low Tide Count SurveyWeBS","1,012Standard visit under the WeBS Low Tide Count SurveyWeBS","1,438Standard visit under the WeBS Low Tide Count SurveyWeBS","1,350Standard visit under the WeBS Low Tide Count SurveyWeBS",nan,nan,nan,nan,nan,nan,nan,nan,1,2019-11-21 14:19:10
nan,1682,1458,1334,2015,1512,835,1498,2173,3439,774,690,798,746,843,850,nan,nan,nan,nan,nan,nan,nan,nan,1,2019-11-21 14:19:10
nan,1268,2139,2890,"(2,230)",1251,2234,984,"(1,472)",1759,"(1,409)",1038,1173,1883,1429,1434,nan,nan,nan,nan,nan,nan,nan,nan,1,2019-11-21 14:19:10
nan,"1,129Standard visit under the WeBS Low Tide Count SurveyWeBS","1,799Standard visit under the WeBS Low Tide Count SurveyWeBS","1,228Standard visit under the WeBS Low Tide Count SurveyWeBS","1,215Standard visit under the WeBS Low Tide Count SurveyWeBS","1,525Standard visit under the WeBS Low Tide Count SurveyWeBS","1,396Standard visit under the WeBS Low Tide Count SurveyWeBS","3,097Standard visit under the WeBS Low Tide Count SurveyWeBS",1477,"1,500Standard visit under the WeBS Low Tide Count SurveyWeBS","1,601Standard visit under the WeBS Low Tide Count SurveyWeBS",1266,"1,773Standard visit under the WeBS Low Tide Count SurveyWeBS",1610,1533,1359,nan,nan,nan,nan,nan,nan,nan,nan,1,2019-11-21 14:19:10
nan,79,nan,1009,805,nan,nan,nan,nan,756,1317,nan,"1,481Supplementary roost count under the WeBS Core Count SurveyWeBS","1,467Supplementary roost count under the WeBS Core Count SurveyWeBS",1470,728,nan,nan,nan,nan,nan,nan,nan,nan,1,2019-11-21 14:19:10
nan,410,725,600,75,1,0,0,28,4,1250,20,200Supplementary visit under the WeBS Core Count SurveyWeBS,"1,250Supplementary visit under the WeBS Core Count SurveyWeBS","1,500Supplementary visit under the WeBS Core Count SurveyWeBS",300,nan,nan,nan,nan,nan,nan,nan,nan,1,2019-11-21 14:19:10
Medmerry RSPB Reserve,nan,nan,nan,nan,nan,nan,nan,nan,nan,nan,nan,nan,325Supplementary visit under the WeBS Core Count SurveyWeBS,nan,nan,1025,1983,713,(358),231,Dec,988,988,2,2019-11-21 14:19:15
Dundrum Inner Bay,259,148,205,320,242,287,302.0,640.0,575,1108.0,1232,982,948,918,1455,"(1,296)",0,990,1274,715,Dec,855,855,2,2019-11-21 14:19:15
Burry Inlet,1043,"(1,195)",1158,1174,917,"(1,255)",811.0,1121.0,937,764.0,597,922,747Standard visit under the WeBS Low Tide Count SurveyWeBS,688,644,770,1011,1184,541,403,Jan,782,782,2,2019-11-21 14:19:15
Brading Harbour,(363),374,398,307,333,117,136.0,481.0,515,719.0,73,123,222,214,601,863,(680),634,750,350,Jan,655,655,2,2019-11-21 14:19:15
Carlingford Lough,642,437,(498),(259),319,(570),538.0,508.0,542,483.0,626,626Supplementary visit under the WeBS Core Count SurveyWeBS,160,278,1320,477,379,581,1033,705,Mar,635,635,2,2019-11-21 14:19:15
Ryde Pier to Puckpool Point,355,396,337,147,65,260,188.0,285.0,220,380.0,nan,(639),(402),438,290,520,238,562,375,650,Nov,469,469,2,2019-11-21 14:19:15
Thanet Coast,620,1420,1020,600,530,450,443.0,830.0,721,550.0,475,484,525,620,720,540,0,45,1021,700,Dec,461,461,2,2019-11-21 14:19:15
Outer Ards Shoreline,221,215,120,210Supplementary visit under the WeBS Core Count SurveyWeBS,700,642,762.0,618.0,577,946.0,781,580,621,1311,734,378,576,553,435,290,Feb,446,446,2,2019-11-21 14:19:15
Pegwell Bay,3,14,34,163,112Standard visit under the WeBS Low Tide Count SurveyWeBS,69,103.0,121.0,220,300.0,47,"1,145Supplementary visit under the WeBS Core Count SurveyWeBS",417Supplementary visit under the WeBS Core Count SurveyWeBS,"6,300Supplementary visit under the WeBS Core Count SurveyWeBS",643Supplementary visit under the WeBS Core Count SurveyWeBS,474Supplementary visit under the WeBS Core Count SurveyWeBS,209,33,65,1415,Mar,439,439,2,2019-11-21 14:19:15
Morecambe Bay,38,99Standard visit under the WeBS Low Tide Count SurveyWeBS,94Standard visit under the WeBS Low Tide Count SurveyWeBS,68Standard visit under the WeBS Low Tide Count SurveyWeBS,89Standard visit under the WeBS Low Tide Count SurveyWeBS,56,74.0,65.0,65,129.0,236,278,205,263,463,375,282,334,624,512,Dec,425,425,2,2019-11-21 14:19:15
Alde Estuary,308,227,192,126Standard visit under the WeBS Low Tide Count SurveyWeBS,559,(257),293.0,530.0,276,613.0,365,563,390Standard visit under the WeBS Low Tide Count SurveyWeBS,"(1,074)",751,686,455,263,314,249,Mar,393,393,2,2019-11-21 14:19:15
Traeth Melynog,nan,nan,nan,nan,nan,117,146.0,262.0,nan,nan,351,190,238,216,446,307,392,441,325,346,Nov,362,362,2,2019-11-21 14:19:15
Climping,1,(5),1,3,61,0,208.0,524.0,30,258.0,215,35,0,1,225,0,1400,15,79,260,Nov,351,351,2,2019-11-21 14:19:15
Yar Estuary,165,214,289,72,109,142,272.0,304.0,246,186.0,159,507,420,376,274,423,321,246,547,213,Dec,350,350,2,2019-11-21 14:19:15
Taw-Torridge Estuary,172,201,233,150,157,(127),260.0,295.0,321,196.0,430,301,270,391,411,214,(556),290,321,187,Feb,314,314,2,2019-11-21 14:19:15
Kings Quay,nan,nan,nan,nan,nan,nan,nan,nan,nan,nan,nan,nan,nan,nan,nan,nan,132,300,370,450,Nov,313,313,2,2019-11-21 14:19:15
Dee Estuary (England and Wales),22,14,48,32Standard visit under the WeBS Low Tide Count SurveyWeBS,25,66,121.0,138.0,104,201.0,175,130,214,262Supplementary visit under the WeBS Core Count SurveyWeBS,251,238,262,242,402,357,Dec,300,300,2,2019-11-21 14:19:15
Dee Estuary (English counties),11,8,35,25,25,66,121.0,138.0,104,177.0,172,130,214,212,249,238,262,242,402,357,Dec,300,300,2,2019-11-21 14:19:15
Inland Sea and Alaw Estuary,23,51,95,80,76,95,nan,nan,68Standard visit under the WeBS Low Tide Count SurveyWeBS,nan,174,209,227,265,333Standard visit under the WeBS Low Tide Count SurveyWeBS,245,254,211,288,362,Feb,272,272,2,2019-11-21 14:19:15
Cymyran Strait - Four Mile Bridge to Sea,nan,nan,nan,nan,nan,0,0.0,0.0,nan,16.0,0,204,182,238,326,136,212,275,337,343,Jan,261,261,2,2019-11-21 14:19:15
Ardivachar Point (South Uist),nan,0,0,nan,0,0,65.0,0.0,0,0.0,0,nan,0,5,(0),"1,276Supplementary visit under the WeBS Core Count SurveyWeBS",0,0,0,0,nan,255,255,2,2019-11-21 14:19:15
Foreland,118,165,196,142,165,190,78.0,172.0,97,90.0,(85),2,182,0,nan,nan,181,234,218,278,Dec,228,228,2,2019-11-21 14:19:15
Christchurch Harbour,nan,250,146,151,186,167,94.0,198.0,228,220.0,157,156,131,332,(230),293,276,234,171,146,Nov,224,224,2,2019-11-21 14:19:15
Medina Estuary,77,73,47,93,36,28,59.0,279.0,78,170.0,82,143Standard visit under the WeBS Low Tide Count SurveyWeBS,120,295,45,218,176,166,265,215,Feb,208,208,2,2019-11-21 14:19:15
Larne Lough,218,253,266,235,139,235,254.0,218.0,256,369.0,655,219,376,282,260,152,195,253,250,172,Jan,204,204,2,2019-11-21 14:19:15
Foryd Bay,42,41,11,43,22,102,139.0,83.0,120,209.0,295Supplementary visit under the WeBS Core Count SurveyWeBS,182,270,234,449,148,200,279,150,175,Mar,190,190,2,2019-11-21 14:19:15
Wootton Creek,40Standard visit under the WeBS Low Tide Count SurveyWeBS,220,15,nan,158,240,188.0,173.0,172,204.0,107,180,98,74,170,206,190,117,211,210,Dec,187,187,2,2019-11-21 14:19:15
Dungeness and Rye Bay,11,36,22,46,(13),13,7.0,18.0,195,180.0,14,77,248,149,397,174,38,102,18,589,Mar,184,184,2,2019-11-21 14:19:15
Kingsbridge Estuary,63,85,79,66,94,(100),81.0,127.0,129,138.0,99,125Standard visit under the WeBS Low Tide Count SurveyWeBS,115,131,128,174,211,158,(199),172,Feb,183,183,2,2019-11-21 14:19:15
Thorness Bay,nan,nan,nan,nan,nan,nan,nan,nan,nan,nan,nan,211,181,279,195,182,224,93,241,111,Nov,170,170,2,2019-11-21 14:19:15
Belfast Lough,32,21Standard visit under the WeBS Low Tide Count SurveyWeBS,40Standard visit under the WeBS Low Tide Count SurveyWeBS,62,48,44,61,91Standard visit under the WeBS Low Tide Count SurveyWeBS,59Standard visit under the WeBS Low Tide Count SurveyWeBS,108,165Standard visit under the WeBS Low Tide Count SurveyWeBS,109,145,136,133,124,129,121Standard visit under the WeBS Low Tide Count SurveyWeBS,146Standard visit under the WeBS Low Tide Count SurveyWeBS,149Standard visit under the WeBS Low Tide Count SurveyWeBS,Feb,134,134,3,2019-11-21 14:19:21
Loch Ryan,6,6,24,28Supplementary visit under the WeBS Core Count SurveyWeBS,25Supplementary visit under the WeBS Core Count SurveyWeBS,45,67,89,(37),52,52,167Supplementary visit under the WeBS Core Count SurveyWeBS,102,139,126,84,67,110,108,(243),Nov,122,122,3,2019-11-21 14:19:21
Wootton Millpond Upper Wootton Creek,nan,nan,nan,nan,nan,nan,nan,nan,nan,nan,nan,nan,nan,nan,nan,nan,nan,nan,104,nan,nan,104,104,3,2019-11-21 14:19:21
Inner Moray and Beauly Firths,3,39,12,41,100,55,18,81,43,38,99,52,64,90,74,70,(66),(139),(84),(88),Feb,95,95,3,2019-11-21 14:19:21
Cleddau Estuary,(1),5,13,(4),(18),15,3,7,9,12,51,36,41,(48),33,58,39,79,86,90,Jan,70,70,3,2019-11-21 14:19:21
South Uist West Coast,nan,nan,nan,nan,nan,nan,nan,nan,nan,nan,nan,nan,1,56,3,(268),(0),0,0,nan,nan,89,89,3,2019-11-21 14:19:21
Studland Bay,nan,nan,nan,nan,nan,nan,nan,nan,nan,nan,nan,nan,198,130,180,22,48,nan,nan,127,Mar,66,66,3,2019-11-21 14:19:21
Cuckmere Estuary,9,0,2,3,0,0,0,5,8,8,0,3,1,6,6,5,14,10,7,282,Mar,64,64,3,2019-11-21 14:19:21
Broughton Bay,nan,nan,nan,nan,nan,nan,nan,nan,nan,nan,nan,nan,nan,nan,nan,nan,nan,nan,20,105Supplementary visit under the WeBS Core Count SurveyWeBS,Jan,63,63,3,2019-11-21 14:19:21
Guernsey Shore,38,48,24,69,56,42,45,61,39,46,62,30,117,44,49,48,130,51,51,33,Mar,63,63,3,2019-11-21 14:19:21
Langness and Derbyhaven Bay,nan,nan,nan,nan,nan,nan,nan,nan,nan,nan,nan,nan,nan,nan,nan,nan,nan,nan,71,52,Jan,62,62,3,2019-11-21 14:19:21
Alton Water,0,1,0,43,45,33,0,39,0,0,0,0,0,0,0,0,300,0,0,0,nan,60,60,3,2019-11-21 14:19:21
Breydon Water and Berney Marshes,6,12,14,8,4,10,18,14,59,2Supplementary roost count under the WeBS Core Count SurveyWeBS,1Standard visit under the WeBS Low Tide Count SurveyWeBS,114Supplementary visit under the WeBS Core Count SurveyWeBS,155Supplementary visit under the WeBS Core Count SurveyWeBS,411Supplementary visit under the WeBS Core Count SurveyWeBS,42Supplementary visit under the WeBS Core Count SurveyWeBS,35Supplementary visit under the WeBS Core Count SurveyWeBS,30Supplementary visit under the WeBS Core Count SurveyWeBS,39Supplementary visit under the WeBS Core Count SurveyWeBS,44Supplementary visit under the WeBS Core Count SurveyWeBS,128Supplementary visit under the WeBS Core Count SurveyWeBS,Mar,55,55,3,2019-11-21 14:19:21
Lavan Sands,10,(31),14,14,9,11,(24),11,15,24,28,54,24Standard visit under the WeBS Low Tide Count SurveyWeBS,97,(32),40,38,45,58,56,Jan,47,47,3,2019-11-21 14:19:21
Severn Estuary,5,(6),11Supplementary visit under the WeBS Core Count SurveyWeBS,2,11Standard visit under the WeBS Low Tide Count SurveyWeBS,4,(22),(9),8Supplementary visit under the WeBS Core Count SurveyWeBS,12,61,13,25,44,(33),43,24,48,63,27,Jan,41,41,3,2019-11-21 14:19:21
Severn Estuary (English counties),5,(3),(5),2,2,4,(21),7,5,12,61,13,25,39,(33),43,24,48,63,27,Jan,41,41,3,2019-11-21 14:19:21
Broadford Bay,nan,nan,nan,(0),0,1,22,18,0,(0),122,0,0,0,(0),(0),2,(0),70Supplementary visit under the WeBS Core Count SurveyWeBS,nan,nan,36,36,3,2019-11-21 14:19:21
Wigtown Bay,0,1,0,0,0,4,(0),0,4,2,0,8,10,31,29,26,15,55,56,26,Dec,36,36,3,2019-11-21 14:19:21
Carmarthen Bay,1,0,5,0,0,(4),1,35,(32),12,0,39,36,76,200Standard visit under the WeBS Low Tide Count SurveyWeBS,93Standard visit under the WeBS Low Tide Count SurveyWeBS,48,7,5,1,Feb,31,31,3,2019-11-21 14:19:21
Eden Estuary,10,7,9,(4),(30),15,9,27,18,70,29Standard visit under the WeBS Low Tide Count SurveyWeBS,43,43,42,53,32,16,27,29,43Standard visit under the WeBS Low Tide Count SurveyWeBS,Dec,29,29,3,2019-11-21 14:19:21
Milton Pools,0,0,0,nan,nan,nan,nan,nan,nan,nan,nan,nan,(0),140,71,19,34,44,43,0,nan,28,28,3,2019-11-21 14:19:21
Rigg Bay,nan,nan,nan,nan,nan,nan,nan,nan,nan,nan,0,0,nan,nan,nan,nan,nan,nan,24,nan,nan,24,24,3,2019-11-21 14:19:21
Traeth Dulas,nan,nan,nan,0,0,0,1,0,0,0,0,0,0,0,0,10,24,48,34,4,Jan,24,24,3,2019-11-21 14:19:21
Inner Loch Indaal,2,15,15,0,0,0,nan,nan,nan,nan,nan,45,69,(28),4,9,22,(18),(44),19,Dec,22,22,3,2019-11-21 14:19:21
Otter Estuary,10,17,9,12,11,20,13,23,21,3,1,15,18,18,11,4,42,28,14,24,Feb,22,22,3,2019-11-21 14:19:21
Seahouses to Budle Point,(22),9,2,70,0,(0),23,48,18,0,0,22,110,12,(0),28,12,0,48,(0),nan,22,22,3,2019-11-21 14:19:21
Tamar Complex,1,1,13,4,1Standard visit under the WeBS Low Tide Count SurveyWeBS,0,23,20,20,19,30,20,61,54,29,28,33,19,15,14,Jan,22,22,3,2019-11-21 14:19:21
Castletown Bay West and Scarlett Quarry,nan,nan,nan,nan,nan,nan,nan,nan,nan,nan,0,0,nan,nan,nan,nan,nan,nan,21,nan,nan,21,21,3,2019-11-21 14:19:21
Derbyhaven Bay,nan,nan,nan,nan,nan,nan,40,0,nan,nan,0,23,nan,nan,nan,nan,nan,27,17,18,Mar,21,21,3,2019-11-21 14:19:21
Forth Estuary,2,2,5,14,8,0,2,1,1,6,(11),8,2,8,15,20,3,6,52,2,Oct,17,17,3,2019-11-21 14:19:21
Newhaven,1,1,1,0,0,1,0.0,1,1,0,0,1,0,1,0,(80),(1),1,1,0,nan,17,17,4,2019-11-21 14:19:26
Cromarty Firth,0,0,0,0,1,6,0.0,0,1,(3),28,(2),6,21,19,(15),19Icelandic-breeding Goose CensusWildfowl and Wetlands Trust,15,12Icelandic-breeding Goose CensusWildfowl and Wetlands Trust,10,Oct,14,14,4,2019-11-21 14:19:26
Loch Gruinart,107,46,60,nan,2,0,284.0,76,1,1,1,0,300,100,6,0,31,27,12,1,Sep,14,14,4,2019-11-21 14:19:26
"Sovereign Harbour, Langney",nan,nan,1,0,0,20,nan,0,1,1,0,nan,nan,nan,nan,nan,nan,25,nan,2,Jan,14,14,4,2019-11-21 14:19:26
Herne Bay,nan,nan,nan,nan,nan,nan,nan,nan,nan,nan,nan,nan,nan,nan,nan,nan,nan,nan,nan,12,Nov,12,12,4,2019-11-21 14:19:26
Port Eynon Point,nan,nan,nan,nan,nan,nan,nan,nan,nan,nan,nan,nan,nan,nan,nan,nan,22,2,11,7,Feb,11,11,4,2019-11-21 14:19:26
Traeth Coch,0,0,0,nan,nan,nan,nan,nan,nan,(0),(6),nan,nan,nan,nan,nan,9,18,6,(11),Oct,11,11,4,2019-11-21 14:19:26
Dyfi Estuary,1,0,3,0,5,3,0.0,1,1,0,1Standard visit under the WeBS Low Tide Count SurveyWeBS,7,2,12,1,5,13,9,6,11,Nov,9,9,4,2019-11-21 14:19:26
Maidens Harbour,2,2,0,2,0,2,4.0,4,6,7,5,6,5,13,14,14,8,0,15,(0),nan,9,9,4,2019-11-21 14:19:26
Killough Harbour,nan,nan,nan,489Standard visit under the WeBS Low Tide Count SurveyWeBS,472,383,434.0,516,562Standard visit under the WeBS Low Tide Count SurveyWeBS,254Standard visit under the WeBS Low Tide Count SurveyWeBS,256Standard visit under the WeBS Low Tide Count SurveyWeBS,nan,nan,nan,69,16,0,nan,nan,nan,nan,8,8,4,2019-11-21 14:19:26
Minsmere,3,0,36,1,8,6,4.0,3,2,5Supplementary visit under the WeBS Core Count SurveyWeBS,0,3,1,1,1,6,30,1,0,1,Apr,8,8,4,2019-11-21 14:19:26
Beadnell to Seahouses,0,1,(0),88,3,0,0.0,2,0,1,12,(38),140,12,12,5,(9),0,19,0,nan,7,7,4,2019-11-21 14:19:26
Dee Estuary (Welsh counties),11,8,40,0,0,20,0.0,5,0,24,42,6,0,3,2,6,0,0,15,13,Nov,7,7,4,2019-11-21 14:19:26
Dingle Marshes and Walberswick National Nature Reserve,nan,0,2,6,4,2,0.0,1,0,8,0,1,0,0,0,2,18,0,0,9,Nov,6,6,4,2019-11-21 14:19:26
Montrose Basin,0,6,1Supplementary roost count under the WeBS Core Count SurveyWeBS,5,4,6,0.0,22Standard visit under the WeBS Low Tide Count SurveyWeBS,1,0,4Icelandic-breeding Goose CensusWildfowl and Wetlands Trust,9,11Icelandic-breeding Goose CensusWildfowl and Wetlands Trust,0,24,13Icelandic-breeding Goose CensusWildfowl and Wetlands Trust,0,0,15,0,nan,6,6,4,2019-11-21 14:19:26
Tees Estuary,1,2,1,1,6,20,6.0,12,3,5,12,30,6,16,2,6,9,3,9,4,Nov,6,6,4,2019-11-21 14:19:26
Chichester Canal,nan,nan,nan,nan,nan,nan,nan,nan,nan,nan,nan,nan,nan,0,0,0,20,(0),0,0,nan,5,5,4,2019-11-21 14:19:26
Durham Coast,0,(0),0,(0),0,(0),0.0,0,1,0,(0),(0),4,3,10,0,8,10,6,1,Nov,5,5,4,2019-11-21 14:19:26
East Barns to Dunglass,nan,nan,nan,nan,nan,nan,nan,nan,0,0,0,22,0,0,0,0,18,0,0,0,nan,4,4,4,2019-11-21 14:19:26
Fort Island to Sandwick Beach,nan,nan,nan,nan,nan,nan,0.0,0,nan,nan,0,0,nan,nan,nan,nan,13Supplementary visit under the WeBS Core Count SurveyWeBS,nan,0,0,nan,4,4,4,2019-11-21 14:19:26
Heigham Holmes,0,1,nan,nan,nan,nan,nan,nan,nan,nan,nan,nan,nan,nan,nan,nan,0,0,2,12,Dec,4,4,4,2019-11-21 14:19:26
Kentraugh to Gansey,nan,nan,nan,nan,nan,nan,nan,nan,nan,nan,nan,nan,nan,nan,nan,nan,nan,nan,8,0,nan,4,4,4,2019-11-21 14:19:26
Montrose to St Cyrus,nan,nan,nan,nan,nan,nan,nan,nan,nan,nan,nan,nan,nan,0,0,15,1,0,nan,0,nan,4,4,4,2019-11-21 14:19:26
Adur Estuary,(0),(1),2,1,1Standard visit under the WeBS Low Tide Count SurveyWeBS,0,2.0,2Standard visit under the WeBS Low Tide Count SurveyWeBS,1Standard visit under the WeBS Low Tide Count SurveyWeBS,1Standard visit under the WeBS Low Tide Count SurveyWeBS,0,0,0,1,12,0,11,(2),0,1,Jan,3,3,4,2019-11-21 14:19:26
Alnmouth to Boulmer,0,0,4,6,10,5,4.0,6,3,0,0,1,(80),2,45,2,2,3,(5),(0),nan,3,3,4,2019-11-21 14:19:26
Boulmer to Howick,(0),1,0,0,0,3,3.0,1,2,0,1,12,(119),10,0,8,1,1,0,(0),nan,3,3,4,2019-11-21 14:19:26
Glyne Gap,(0),0,6,0,12,3,0.0,12,(55),10,7Supplementary roost count under the WeBS Core Count SurveyWeBS,2,(5),(0),(0),(11),(0),(0),nan,0,nan,6,6,4,2019-11-21 14:19:26
Lossie Estuary,1,0,2,0,0,6,0.0,0,1,0,28,2,0,0,3,0,7,9,0,0,nan,3,3,4,2019-11-21 14:19:26
Porter Brook - Sheffield,nan,0,0,0,nan,0,0.0,(0),nan,nan,nan,nan,nan,nan,0,(5),nan,nan,nan,0,nan,3,3,4,2019-11-21 14:19:26
Queen Mary Reservoir,0,0,0,0,0,0,0.0,0,0,0,0,1,0,0,0,0,0,0,0,17,Apr,3,3,4,2019-11-21 14:19:26
Brighton Marina,nan,nan,nan,nan,nan,nan,nan,nan,nan,nan,nan,nan,nan,0,0,nan,0.0,2Supplementary visit under the WeBS Core Count SurveyWeBS,0.0,5,Nov,2,2,5,2019-11-21 14:19:32
Dornoch Firth,0.0,1Supplementary visit under the WeBS Core Count SurveyWeBS,0.0,5,13,0.0,0.0,0,0.0,1,(20),11,5,13,4,4,0.0,2,3.0,1,Jan,2,2,5,2019-11-21 14:19:32
Hayle Estuary,1.0,0,0.0,0,0,0.0,2.0,2,0.0,1,0,2,22,8,3,2,3.0,2,0.0,1Standard visit under the WeBS Low Tide Count SurveyWeBS,Dec,2,2,5,2019-11-21 14:19:32
Loch Fleet Complex,0.0,0,0.0,6,0,0.0,0.0,0,0.0,0,0,4,0,0,0,1,3.0,2,3.0,0,nan,2,2,5,2019-11-21 14:19:32
Loch of Skene,nan,nan,nan,nan,nan,nan,nan,nan,nan,nan,nan,nan,nan,nan,nan,nan,nan,2Icelandic-breeding Goose CensusWildfowl and Wetlands Trust,nan,nan,nan,2,2,5,2019-11-21 14:19:32
Mersey Estuary,2.0,0,0.0,1,0,0.0,0.0,0,1.0,0,0,5,3,0,2,1,0.0,5,0.0,2Standard visit under the WeBS Low Tide Count SurveyWeBS,Jan,2,2,5,2019-11-21 14:19:32
Normans Bay,nan,nan,nan,nan,nan,nan,nan,nan,nan,nan,nan,nan,nan,nan,nan,nan,nan,nan,3.0,0,nan,2,2,5,2019-11-21 14:19:32
"North Marsh, Flamborough",nan,nan,nan,nan,nan,nan,nan,nan,nan,nan,nan,0,0,0,0,0,11.0,0,0.0,0,nan,2,2,5,2019-11-21 14:19:32
Oitir Mhor to Loch Paible (including Kirkibost) (North Uist),nan,0,0.0,0,0,0.0,1.0,0,1.0,1,22,0,3,0,0,7,0.0,0,1.0,2,Oct,2,2,5,2019-11-21 14:19:32
Pool of Virkie,0.0,4,0.0,0,2,0.0,0.0,0,2.0,0,3,0,0,8,0,1,0.0,0,7.0,1,Oct,2,2,5,2019-11-21 14:19:32
Severn Estuary (Welsh counties),1.0,3,3.0,0,3,0.0,1.0,4,1.0,5,0,1,2,14,5,3,1.0,2,1.0,1,Apr,2,2,5,2019-11-21 14:19:32
South Ford,nan,7,30.0,0,0,0.0,0.0,0,0.0,0,1,nan,27,0,0,(4),0.0,(0),0.0,3,Oct,2,2,5,2019-11-21 14:19:32
Tay Estuary,4.0,(9),1.0,3,1,2.0,0.0,3,1.0,5,13,11Icelandic-breeding Goose CensusWildfowl and Wetlands Trust,4,0,12,4,0.0,2,1.0,1,Oct,2,2,5,2019-11-21 14:19:32
Teifi Estuary,0.0,(0),0.0,2,0,0.0,1.0,0,1.0,0,0,5,0,8,0,1,6.0,1,0.0,0,nan,2,2,5,2019-11-21 14:19:32
Thurlestone Bay: Loam Castle-Beacon Point,nan,nan,nan,nan,nan,nan,nan,nan,nan,nan,nan,nan,nan,0,2,0,4.0,2,0.0,3,Jan,2,2,5,2019-11-21 14:19:32
Tyninghame Estuary,1.0,1,7.0,1,7,0.0,3.0,1,4.0,4,5,2,0,29,1,0,8.0,0,0.0,0,nan,2,2,5,2019-11-21 14:19:32
Arbroath Coast - East Haven to Elliot,0.0,0,nan,nan,nan,0.0,0.0,0,nan,nan,0,0,0,0,0,3,0.0,0,0.0,0,nan,1,1,5,2019-11-21 14:19:32
Baffins Pond,0.0,0,0.0,nan,nan,nan,nan,nan,nan,nan,nan,nan,nan,1,0,0,0.0,2,0.0,2Supplementary visit under the WeBS Core Count SurveyWeBS,Nov,1,1,5,2019-11-21 14:19:32
Baleshare (North Uist),nan,0,0.0,0,0,0.0,0.0,0,0.0,0,0,0,0,0,0,0,0.0,0,7.0,0,nan,1,1,5,2019-11-21 14:19:32
Ballycastle - Fair Head,nan,nan,nan,nan,nan,nan,nan,nan,nan,nan,nan,nan,nan,nan,nan,nan,0.0,0,5.0,0,nan,1,1,5,2019-11-21 14:19:32
Benacre Broad,0.0,0,5.0,0,(3),0.0,39.0,3,2.0,1,4,0,0,350,0,0,4.0,0,0.0,0,nan,1,1,5,2019-11-21 14:19:32
Blyth Estuary,nan,nan,0.0,(0),0,0.0,0.0,0,0.0,0,0,13,0,0,0,0,0.0,1,5.0,0,nan,1,1,5,2019-11-21 14:19:32
Cambois to Newbiggin,0.0,0,0.0,0,0,1.0,0.0,(0),0.0,0,0,0,(0),0,(0),7,0.0,0,0.0,0,nan,1,1,5,2019-11-21 14:19:32
Carnoustie to Easthaven,nan,nan,nan,nan,nan,nan,nan,nan,nan,nan,nan,nan,nan,0,(0),0,1.0,1,2.0,0,nan,1,1,5,2019-11-21 14:19:32
Castlemartin Corse,nan,nan,nan,nan,nan,0.0,0.0,0,0.0,0,(0),(0),(0),(0),0,0,5.0,0,0.0,0,nan,1,1,5,2019-11-21 14:19:32
Cocker's Dyke,nan,nan,nan,nan,nan,nan,nan,nan,nan,nan,nan,nan,nan,nan,nan,nan,nan,1Icelandic-breeding Goose CensusWildfowl and Wetlands Trust,nan,nan,nan,1,1,5,2019-11-21 14:19:32
Coquet Estuary,4.0,0,0.0,0,0,0.0,0.0,0,0.0,(0),0,20,0,0,13,1,4.0,1,0.0,0,nan,1,1,5,2019-11-21 14:19:32
Darwell Reservoir,0.0,0,0.0,0,0,0.0,0.0,0,0.0,0,0,nan,0,0,0,0,2.0,0,nan,(0),nan,1,1,5,2019-11-21 14:19:32
Dysynni Estuary,0.0,0,0.0,nan,0,0.0,0.0,1,0.0,nan,0,0,3,0,0,(0),0.0,0,0.0,2,Nov,1,1,5,2019-11-21 14:19:32
Fishguard Harbour,6.0,(0),0.0,0,0,0.0,0.0,3,nan,3,5,2,8,11,7,0,0.0,4,0.0,0,nan,1,1,5,2019-11-21 14:19:32
Gannel Estuary,0,1,0,0,0,0,0,0,0,0,0,0,0,0,1.0,nan,(5),0,0,0,nan,1,1,6,2019-11-21 14:19:37
Goring,2,(0),0,3,0,0,(0),nan,nan,nan,nan,nan,nan,0,9.0,1.0,0,3,0,0,nan,1,1,6,2019-11-21 14:19:37
Hanningfield Reservoir,0,0,0,0,0,0,0,0,0,0,0,0,0,0,1.0,0.0,0,1,0,4,Jan,1,1,6,2019-11-21 14:19:37
Hickling Broad,0,0,0,0,0,(0),0,0,0,nan,0,0,nan,0,0.0,0.0,0,0,3,0,nan,1,1,6,2019-11-21 14:19:37
Inner Firth of Clyde,1,0,0,3,0,0,0,0,0,0,0,0,1,2,1.0,0.0,0,0,4Standard visit under the WeBS Low Tide Count SurveyWeBS,0,nan,1,1,6,2019-11-21 14:19:37
Kyle of Tongue,(0),nan,(0),nan,nan,nan,0,0,0,0,(0),0,(0),0,0.0,0.0,0,0,3,1,Oct,1,1,6,2019-11-21 14:19:37
Loch a' Phuill (Tiree),0,(0),0,0,0,0,0,0,0,0,0,0,0,0,0.0,0.0,0,5,0,1,Jul,1,1,6,2019-11-21 14:19:37
Loch of Strathbeg,0,0,(1),0,(15),1,1,0,0,0,1,1,1,2,2.0,5.0,0,0,2Supplementary visit under the WeBS Core Count SurveyWeBS,0,nan,1,1,6,2019-11-21 14:19:37
Moray Coast,1,0,0,0,14,1,0,0,0,0,(29),7,0,(0),0.0,0.0,0,4,0,0,nan,1,1,6,2019-11-21 14:19:37
North Warren and Thorpeness Mere,0,7,nan,16,1,1Supplementary visit under the WeBS Core Count SurveyWeBS,0,0,2,7,0,0,1,2,0.0,0.0,1,1,1,0,nan,1,1,6,2019-11-21 14:19:37
Nosterfield Gravel Pits,0,0,0,0,0,0,1,0,0,0,0,0,0,0,0.0,0.0,4,0,0,0,nan,1,1,6,2019-11-21 14:19:37
Outer Loch Indaal,nan,nan,nan,nan,nan,nan,0,0,nan,nan,nan,nan,50,0,nan,nan,nan,0,3Supplementary visit under the WeBS Core Count SurveyWeBS,0,nan,1,1,6,2019-11-21 14:19:37
Queen Elizabeth II Reservoir,0,0,0,0,0,0,0,0,0,0,0,0,0,0,0.0,3.0,0,0,0,0,nan,1,1,6,2019-11-21 14:19:37
Ribble Estuary,0,1,2,0,0,3,1,1,0,1,8,2,5,1,2.0,0.0,0,1Supplementary visit under the WeBS Core Count SurveyWeBS,3,0,nan,1,1,6,2019-11-21 14:19:37
Rutland Water,0,1,0,0,0,1,0,1,0,0,1,0,0,0,0.0,5.0,0,0,0,0,nan,1,1,6,2019-11-21 14:19:37
St Mary's Island,0,0,(1),0,0,0,1,nan,0,0,2,19,1,0,0.0,2.0,0,1,0,0,nan,1,1,6,2019-11-21 14:19:37
Swansea Bay,1,9,4,0,1,0,0,23,5,0,11,3,7,1,0.0,0.0,3,0,0,1,Nov,1,1,6,2019-11-21 14:19:37
Ugie Estuary,nan,nan,nan,nan,nan,0,0,0,nan,nan,0,3,6,0,0.0,5.0,0,0,0,0,nan,1,1,6,2019-11-21 14:19:37
Ythan Estuary,0,4,0,1,1,0,(0),8,3,(4),(13),21,2,0,4.0,2.0,0,0,0,1,May,1,1,6,2019-11-21 14:19:37
Abberton Reservoir,1,0,0,0,0,0,0,0,(0),0,0,0,0,0,0.0,0.0,0,0,2,0,nan,0,0,6,2019-11-21 14:19:37
Adur Levels,0,0,0,0,(0),0,0,0,0,0,0,0,0,0,0.0,nan,0,0,0,0,nan,0,0,6,2019-11-21 14:19:37
Afan Estuary and Port Talbot Harbour,0,0,0,0,0,0,0,0,0,0,0,0,1,0,0.0,0.0,0,0,0,nan,nan,0,0,6,2019-11-21 14:19:37
Aldershot Camp Farm Gravel Pits and Sewage Treatment Works,1,0,0,0,0,(0),0,0,0,0,(0),(0),(0),(0),0.0,0.0,0,0,0,0,nan,0,0,6,2019-11-21 14:19:37
Alnmouth,0,0,0,(0),0,0,(2),7,0,0,0,0,0,0,0.0,0.0,1,0,1,0,nan,0,0,6,2019-11-21 14:19:37
Alresford Pond,0,0,0,0,0,0,0,0,0,0,0,0,0,0,0.0,0.0,0,0,0,0,nan,0,0,6,2019-11-21 14:19:37
Alt Estuary,0,0,0,0,0,0,0,0,3,0,8,0,(0),0,1.0,0.0,0,0,0,(0),nan,0,0,6,2019-11-21 14:19:37
Amble to Chevington Burn,0,0,(0),0,0,0,0,(0),0,0,5,0,0,0,0.0,0.0,0,0,0,0,nan,0,0,6,2019-11-21 14:19:37
Anderby,nan,nan,nan,nan,nan,nan,nan,nan,nan,nan,nan,nan,nan,1,0.0,0.0,0,0,0,0,nan,0,0,6,2019-11-21 14:19:37
Anglers Country Park Lake,0,1,0,0,0,0,0,0,0,0,0,0,0,0,0.0,0.0,0,0,0,0,nan,0,0,6,2019-11-21 14:19:37
Anstruther Bay,(0),0,0,1,4,0,0,0,0,0,0,4,0,0,0.0,0.0,0,0,0,0,nan,0,0,6,2019-11-21 14:19:37
Ardrossan-West Kilbride,nan,0,0,0,0,0.0,0,0,3,(0),1,nan,nan,0,nan,nan,nan,0,0,0,nan,0,0,7,2019-11-21 14:19:43
Ardsley Reservoir,0,0,0,0,0,0.0,0,0,0,0,0,0.0,0,nan,nan,0.0,nan,nan,nan,0,nan,0,0,7,2019-11-21 14:19:43
Arlington Reservoir,0,0,0,0,0,0.0,0,0,0,0,0,2.0,0,0,0.0,0.0,0,0,0,0,nan,0,0,7,2019-11-21 14:19:43
Arran,0,0,0,0,0,0.0,0,0,0,0,0,0.0,0,0,0.0,0.0,0,0,0,0,nan,0,0,7,2019-11-21 14:19:43
Artro Estuary,0,0,0,0,0,0.0,0,0,0,0,0,6.0,2,0,0.0,0.0,0,0,0,0,nan,0,0,7,2019-11-21 14:19:43
Arun Valley,0,0,0,0,0,0.0,0,0,0,0,0,0.0,0,0,0.0,0.0,0,0,0,0,nan,0,0,7,2019-11-21 14:19:43
Ashworth Moor Reservoir,0,0,0,0,0,0.0,0,0,nan,nan,1Supplementary roost count under the WeBS Core Count SurveyWeBS,nan,nan,nan,nan,nan,nan,0,0,0,nan,0,0,7,2019-11-21 14:19:43
Avon Estuary (Devon),(0),0,1,(0),0,0.0,0,0,0,0,0,0.0,0,0,0.0,0.0,0,0,0,0,nan,0,0,7,2019-11-21 14:19:43
Axe Estuary (Devon),0,5,0,0,0,2.0,0,0,2,0,1,0.0,0,1,0.0,0.0,0,0,1,0,nan,0,0,7,2019-11-21 14:19:43
Ayr to North Troon,0,0,0,0,0,0.0,0,16,0,0,0,0.0,0,0,0.0,0.0,0,0,0,0,nan,0,0,7,2019-11-21 14:19:43
Bainton Pits,0,0,0,0,0,0.0,0,0,0,0,0,0.0,0,0,1.0,0.0,0,0,0,0,nan,0,0,7,2019-11-21 14:19:43
Balgray Reservoir,0,0,0,0,0,0.0,0,0,0,0,0,0.0,0,0,0.0,0.0,0,0,0,0,nan,0,0,7,2019-11-21 14:19:43
Balranald Nature Reserve,nan,0,(0),0,0,0.0,0,0,0,0,0,0.0,0,0,0.0,0.0,0,0,0,0,nan,0,0,7,2019-11-21 14:19:43
Bann Estuary,0,2,0,24Supplementary visit under the WeBS Core Count SurveyWeBS,0,0.0,0,1,0,0,0,0.0,0,5,1.0,0.0,0,0,0,0,nan,0,0,7,2019-11-21 14:19:43
Barcombe Mills Reservoir,0,0,0,0,0,0.0,0,0,0,0,0,0.0,0,0,0.0,0.0,0,0,0,0,nan,0,0,7,2019-11-21 14:19:43
Bardolf Water Meadows,0,0,0,0,0,0.0,0,0,0,0,0,1.0,0,0,0.0,0.0,0,0,0,0,nan,0,0,7,2019-11-21 14:19:43
Barrow Gurney Reservoir,0,0,0,0,0,0.0,0,0,0,0,0,0.0,0,0,1.0,0.0,0,0,0,0,nan,0,0,7,2019-11-21 14:19:43
Barton Broad,nan,0,0,0,0,0.0,0,0,0,0,0,0.0,1,0,0.0,0.0,0,0,0,0,nan,0,0,7,2019-11-21 14:19:43
Barton Pits and Catholme,0,0,0,1,0,0.0,0,0,0,0,0,0.0,(0),0,0.0,0.0,0,nan,nan,nan,nan,0,0,7,2019-11-21 14:19:43
Bassenthwaite Lake,0,(0),0,(0),0,0.0,(0),0,0,0,0,0.0,0,(0),0.0,0.0,0,0,(0),(0),nan,0,0,7,2019-11-21 14:19:43
Bay of Stoer,nan,nan,nan,nan,nan,nan,nan,0,(0),(0),0,0.0,0,0,0.0,0.0,0,0,1,0,nan,0,0,7,2019-11-21 14:19:43
Beesands Ley,0,0,0,0,(0),0.0,0,0,0,0,0,0.0,0,0,0.0,0.0,0,0,0,0,nan,0,0,7,2019-11-21 14:19:43
Bennerley Marsh,nan,1,(0),0,nan,nan,nan,nan,0,0,0,0.0,0,0,0.0,0.0,0,0,0,0,nan,0,0,7,2019-11-21 14:19:43
Berrington Pool,0,1,0,0,0,0.0,0,0,0,0,0,0.0,0,0,0.0,0.0,0,0,0,0,nan,0,0,7,2019-11-21 14:19:43
Besthorpe and Girton Gravel Pits and Fleet,0,0,0,0,0,0.0,0,0,0,0,0,0.0,0,0,0.0,0.0,0,(0),nan,0,nan,0,0,7,2019-11-21 14:19:43
Bewl Water,0,0,0,0,11,0.0,0,0,0,0,0,0.0,8,0,0.0,0.0,(1),0,(0),0,nan,0,0,7,2019-11-21 14:19:43
Bittell Reservoirs,0,0,0,0,0,0.0,0,(0),0,0,0,0.0,0,0,0.0,0.0,0,(0),0,0,nan,0,0,7,2019-11-21 14:19:43
Black Devon Wetlands,0,0,0,0,0,0.0,0,0,0,0,0,0.0,0,0,0.0,0.0,0,0,(0),(0),nan,0,0,7,2019-11-21 14:19:43
Blackton Reservoir,0,0,0,0,0,0.0,0,0,0,0,0,0.0,0,0,0.0,0.0,0,0,0,0,nan,0,0,7,2019-11-21 14:19:43
Blagdon Lake,0,0,0,0,1,0.0,0,0,0,0,(0),0.0,0,0,0.0,0.0,0,0,0,0,nan,0,0,7,2019-11-21 14:19:43
Blairbowie Farm Flash,0.0,0,0.0,0,0.0,0.0,1.0,0.0,0.0,0.0,0,1,0,0,0,0.0,0,0.0,0,0.0,nan,0,0,8,2019-11-21 14:19:48
Blithfield Reservoir,0.0,0,0.0,0,0.0,0.0,0.0,nan,nan,0.0,0,19Supplementary visit under the WeBS Core Count SurveyWeBS,0,0,0,0.0,0,0.0,0,0.0,nan,0,0,8,2019-11-21 14:19:48
Blucks Pool to Freshwater West,0.0,(0),0.0,0,0.0,0.0,0.0,0.0,0.0,0.0,6,0,0,0,0,0.0,0,0.0,0,0.0,nan,0,0,8,2019-11-21 14:19:48
Blyth Estuary (Northumberland),0.0,0,0.0,0,0.0,0.0,0.0,0.0,0.0,0.0,1,0,0,0,6,0.0,0,0.0,0,0.0,nan,0,0,8,2019-11-21 14:19:48
Boddam Voe,nan,0,0.0,0,0.0,0.0,0.0,0.0,0.0,0.0,1,0,0,0,0,0.0,0,0.0,0,0.0,nan,0,0,8,2019-11-21 14:19:48
Bolton-on-Swale Gravel Pits,0.0,0,0.0,0,0.0,0.0,1.0,0.0,0.0,0.0,0,0,0,0,0,0.0,0,0.0,0,0.0,nan,0,0,8,2019-11-21 14:19:48
Bosherston Lakes,0.0,(0),0.0,0,0.0,0.0,0.0,0.0,0.0,0.0,0,0,0,0,0,0.0,0,0.0,0,0.0,nan,0,0,8,2019-11-21 14:19:48
Bough Beech Reservoir,nan,0,0.0,(0),7.0,0.0,0.0,1.0,0.0,0.0,0,0,0,0,0,0.0,0,0.0,(0),0.0,nan,0,0,8,2019-11-21 14:19:48
Braye Bay,nan,nan,nan,nan,nan,nan,nan,nan,nan,0.0,0,(0),(0),1,(0),0.0,0,nan,(0),0.0,nan,0,0,8,2019-11-21 14:19:48
Bridlington Bay,0.0,0,nan,nan,3.0,nan,nan,0.0,1.0,nan,nan,nan,0,nan,0,nan,0,0.0,0,0.0,nan,0,0,8,2019-11-21 14:19:48
Brogborough Clay Pit,0.0,0,0.0,0,0.0,0.0,nan,nan,nan,nan,nan,0,0,0,0,0.0,0,0.0,0,0.0,nan,0,0,8,2019-11-21 14:19:48
Brooklands Lake (East Worthing),0.0,0,0.0,0,1.0,0.0,0.0,1.0,0.0,0.0,0,0,0,0,0,0.0,1,0.0,0,0.0,nan,0,0,8,2019-11-21 14:19:48
Broomlee Lough,nan,nan,0.0,0,0.0,nan,nan,0.0,0.0,0.0,0,0,0,0,0,0.0,0,0.0,0,0.0,nan,0,0,8,2019-11-21 14:19:48
Burghead Bay - Burghead to Findhorn,nan,nan,nan,nan,nan,nan,nan,nan,nan,0.0,(0),2,0,0,0,0.0,(0),1.0,0,0.0,nan,0,0,8,2019-11-21 14:19:48
Burghfield Gravel Pits,0.0,0,nan,nan,0.0,0.0,0.0,0.0,0.0,0.0,0,0,0,0,0,0.0,0,0.0,0,0.0,nan,0,0,8,2019-11-21 14:19:48
Burham Marsh,0.0,0,1.0,0,nan,nan,nan,nan,nan,nan,nan,nan,nan,0,0,0.0,0,0.0,0,0.0,nan,0,0,8,2019-11-21 14:19:48
Caernarfon Bay,0.0,nan,nan,nan,nan,nan,nan,nan,nan,nan,nan,18Supplementary visit under the WeBS Core Count SurveyWeBS,15Supplementary visit under the WeBS Core Count SurveyWeBS,76Supplementary visit under the WeBS Core Count SurveyWeBS,48Supplementary visit under the WeBS Core Count SurveyWeBS,nan,nan,0.0,0,0.0,nan,0,0,8,2019-11-21 14:19:48
Caistron Quarry,nan,nan,0.0,0,0.0,0.0,0.0,0.0,0.0,0.0,0,0,0,0,0,0.0,0,0.0,0,0.0,nan,0,0,8,2019-11-21 14:19:48
Caldecotte Gravel Pits,0.0,0,0.0,0,0.0,0.0,0.0,0.0,0.0,0.0,0,0,nan,nan,nan,nan,nan,0.0,0,0.0,nan,0,0,8,2019-11-21 14:19:48
Cam Washes (Upware),0.0,0,0.0,0,0.0,0.0,0.0,nan,0.0,0.0,0,0,0,0,0,0.0,0,0.0,0,0.0,nan,0,0,8,2019-11-21 14:19:48
Camel Estuary,0.0,26,0.0,1,10.0,0.0,5.0,7.0,6.0,0.0,2,0,1,1,0,0.0,0,0.0,0,1.0,Dec,0,0,8,2019-11-21 14:19:48
Cameron Reservoir,0.0,0,0.0,0,0.0,0.0,0.0,0.0,0.0,0.0,0,0,0,0,0,0.0,0,0.0,0,0.0,nan,0,0,8,2019-11-21 14:19:48
Capesthorne Hall Pools,0.0,0,0.0,0,0.0,0.0,0.0,0.0,nan,0.0,0,0,0,1,0,0.0,nan,nan,nan,nan,nan,0,0,8,2019-11-21 14:19:48
Carsebreck and Rhynd Lochs,0.0,0,0.0,0,0.0,0.0,0.0,0.0,0.0,0.0,0,0,0,1,0,0.0,0,0.0,0,0.0,nan,0,0,8,2019-11-21 14:19:48
Castle Lake,nan,nan,nan,nan,nan,nan,0.0,0.0,0.0,0.0,0,0,0,0,0,0.0,0,0.0,1,0.0,nan,0,0,8,2019-11-21 14:19:48
Castle Loch Lochmaben,0.0,0,0.0,0,0.0,0.0,0.0,0.0,0.0,0.0,0,0,0,0,0,0.0,0,0.0,0,0.0,nan,0,0,8,2019-11-21 14:19:48
Catchpenny Pool,0.0,0,0.0,0,0.0,0.0,0.0,0.0,0.0,0.0,0,0,0,0,0,0.0,0,0.0,0,0.0,nan,0,0,8,2019-11-21 14:19:48
Catcleugh Reservoir,nan,0,nan,nan,nan,nan,nan,0.0,0.0,0.0,0,0,0,nan,0,0.0,0,0.0,0,0.0,nan,0,0,8,2019-11-21 14:19:48
Cemlyn Bay and Lagoon,0.0,0,0.0,0,0.0,0.0,1.0,0.0,4.0,1.0,0,0,0,1,1,0.0,0,0.0,0,nan,nan,0,0,8,2019-11-21 14:19:48
Chasewater,0.0,0,0.0,0,0.0,0.0,0.0,0.0,0.0,0.0,0,0,0,0,0,0.0,0,0.0,0,0.0,nan,0,0,8,2019-11-21 14:19:48
Chelsea Reservoirs,0,0,0,0,0,0,0,0,0,0,0,0,0,0,0,0,0,0.0,1.0,0,nan,0,0,9,2019-11-21 14:19:53
Chew Valley Lake,0,0,0,0,0,0,0,0,1,0,0,0,0,0,0,0,0,0.0,0.0,0,nan,0,0,9,2019-11-21 14:19:53
Chichester Gravel Pits,0,0,0,0,1,0,0,0,0,0,0,0,0,0,0,0,0,0.0,0.0,0,nan,0,0,9,2019-11-21 14:19:53
Chilham and Chartham Gravel Pits,0,0,0,0,0,0,0,0,0,1,0,0,0,nan,0,0,0,0.0,0.0,0,nan,0,0,9,2019-11-21 14:19:53
Chimney Corner Gravel Pits,0,0,0,0,0,0,nan,nan,nan,nan,0,0,0,nan,nan,nan,nan,nan,nan,0,nan,0,0,9,2019-11-21 14:19:53
Church Wilne Reservoir,nan,nan,nan,nan,nan,nan,nan,nan,nan,nan,nan,nan,nan,nan,0,nan,nan,0.0,0.0,nan,nan,0,0,9,2019-11-21 14:19:53
Clifford Hill Gravel Pits Consolidated,0,0,0,0,0,0,0,0,0,1,(0),0,0,1,1,0,0,0.0,1.0,0,nan,0,0,9,2019-11-21 14:19:53
Clwyd Estuary,0,0,0,0,0,0,0,0,0,(0),(0),0,nan,0,0,0,(0),0.0,0.0,(0),nan,0,0,9,2019-11-21 14:19:53
Colne Fen Gravel Pits,0,0,0,0,0,0,0,0,0,0,0,3,0,0,0,0,nan,0.0,0.0,0,nan,0,0,9,2019-11-21 14:19:53
Colne Valley Gravel Pits,0,0,0,0,2,0,0,0,0,0,0,0,0,0,0,0,0,0.0,0.0,0,nan,0,0,9,2019-11-21 14:19:53
Conwy Estuary,0,0,0,0,0,0,0,0,0,0,0,0,0,0,0,0,0,0.0,0.0,0,nan,0,0,9,2019-11-21 14:19:53
Coombe Country Park,0,0,0,0,0,0,0,0,0,0,0,0,0,0,0,0,0,nan,nan,(0),nan,0,0,9,2019-11-21 14:19:53
Coronation Clay Pit,0,0,0,0,0,0,nan,nan,nan,nan,nan,nan,nan,nan,nan,nan,nan,nan,nan,0,nan,0,0,9,2019-11-21 14:19:53
Cors Caron (Cors Tregaron),(0),(0),(0),0,0,0,0,0,0,0,0,0,0,1,0,0,0,0.0,0.0,0,nan,0,0,9,2019-11-21 14:19:53
Cotswold Water Park,0,0,4,0,0,0,0,0,0,0,1,0,0,0,0,0,0,0.0,0.0,0,nan,0,0,9,2019-11-21 14:19:53
Cotswold Water Park (East),0,0,(0),0,(0),(0),(0),(0),(0),(0),1,(0),0,0,(0),(0),(0),nan,nan,nan,nan,0,0,9,2019-11-21 14:19:53
Cotswold Water Park (West),0,(0),4,(0),(0),(0),(0),(0),(0),(0),(0),(0),(0),0,(0),(0),0,nan,nan,nan,nan,0,0,9,2019-11-21 14:19:53
Cottam Power Station Lagoons and Nature Reserve,nan,nan,nan,nan,nan,nan,nan,nan,nan,nan,nan,nan,nan,0,nan,0,0,0.0,0.0,nan,nan,0,0,9,2019-11-21 14:19:53
Cresswell Pond,nan,nan,0,0,0,0,1,0,0,2,0,0,0,2,0,0,0,0.0,0.0,0,nan,0,0,9,2019-11-21 14:19:53
Cresswell to Newbiggin,0,0,0,0,0,1,0,0,0,0,0,0,7,0,0,0,0,0.0,0.0,0,nan,0,0,9,2019-11-21 14:19:53
Crookfoot Reservoir,0,0,0,0,0,0,0,0,0,0,0,0,0,(0),0,0,0,0.0,0.0,0,nan,0,0,9,2019-11-21 14:19:53
Cropston Reservoir,0,0,0,0,0,0,0,0,0,1,0,0,0,0,0,0,0,0.0,0.0,0,nan,0,0,9,2019-11-21 14:19:53
Crowdy Reservoir,0,0,0,0,0,0,0,0,0,0,0,0,0,0,0,0,0,0.0,0.0,0,nan,0,0,9,2019-11-21 14:19:53
Croxall Pits,0,0,0,0,0,0,0,0,0,0,0,0,0,0,0,nan,0,0.0,0.0,0,nan,0,0,9,2019-11-21 14:19:53
Dart Estuary,0,0,0,0,0,0,0,0,0,0,0,0,0,0,1,0,0,0.0,0.0,0,nan,0,0,9,2019-11-21 14:19:53
Dearne Valley,nan,nan,nan,nan,nan,nan,nan,nan,nan,nan,nan,nan,nan,0,0,0,0,0.0,0.0,0,nan,0,0,9,2019-11-21 14:19:53
Dee Estuary (Scotland),0,0,0,0,0,0,0,0,0,0,0,0,0,0,0,0,0,0.0,0.0,0,nan,0,0,9,2019-11-21 14:19:53
Dee Mouth to Don Mouth,(0),0,nan,nan,nan,nan,(0),0,(0),0,0,(0),nan,nan,nan,nan,0,0.0,1.0,0,nan,0,0,9,2019-11-21 14:19:53
Dinton Pastures,0,0,nan,0,0,0,0,0,0,0,0,0,0,0,0,0,0,0.0,1.0,0,nan,0,0,9,2019-11-21 14:19:53
Ditchford Gravel Pits,(0),0,0,1,nan,0,0,0,0,0,0,0,0,0,0,0,0,0.0,0.0,0,nan,0,0,9,2019-11-21 14:19:53
Dolydd Hafren,1,0,0.0,0.0,0,0,0.0,0,0,nan,nan,nan,nan,nan,nan,0,0.0,0.0,1.0,0,nan,0,0,10,2019-11-21 14:19:59
Don Estuary,0,0,0.0,0.0,0,0,0.0,0,0,0.0,0,0,2.0,0,0,1,0.0,0.0,0.0,0,nan,0,0,10,2019-11-21 14:19:59
Don Mouth to Ythan Mouth,0,0,0.0,0.0,0,0,0.0,0,0,0.0,0,0,0.0,(36),0,0,0.0,0.0,0.0,0,nan,0,0,10,2019-11-21 14:19:59
Doon Estuary,0,nan,nan,nan,nan,nan,0.0,1,nan,2.0,2,nan,0.0,0,0,0,0.0,0.0,0.0,0,nan,0,0,10,2019-11-21 14:19:59
Dorchester Gravel Pits,0,0,0.0,0.0,0,0,0.0,0,0,0.0,0,0,0.0,0,0,0,0.0,0.0,0.0,nan,nan,0,0,10,2019-11-21 14:19:59
Draycote Water,1,0,0.0,0.0,0,0,0.0,0,0,0.0,0,0,0.0,0,0,0,0.0,0.0,0.0,0,nan,0,0,10,2019-11-21 14:19:59
Drift Reservoir,0,0,0.0,0.0,0,0,0.0,1,0,0.0,nan,0,0.0,0,0,0,0.0,0.0,0.0,0,nan,0,0,10,2019-11-21 14:19:59
Druridge Pool,nan,nan,0.0,0.0,0,0,0.0,0,0,0.0,0,0,0.0,0,0,0,0.0,0.0,0.0,0,nan,0,0,10,2019-11-21 14:19:59
Duddon Estuary,0,0,0.0,0.0,0,1,0.0,0,0,0.0,0,8,0.0,0,0,0,0.0,0.0,0.0,1,Sep,0,0,10,2019-11-21 14:19:59
Dundrum Bay (Sea),0,nan,nan,nan,nan,nan,nan,nan,nan,nan,0,nan,nan,nan,nan,nan,nan,nan,0.0,0,nan,0,0,10,2019-11-21 14:19:59
Dunham Pools,0,0,0.0,nan,nan,nan,nan,0,0,0.0,0,0,0.0,1,0,0,0.0,0.0,0.0,0,nan,0,0,10,2019-11-21 14:19:59
Dunnet Bay,nan,nan,nan,nan,nan,nan,nan,nan,0,0.0,(0),(1),0.0,(0),(0),0,0.0,0.0,0.0,0,nan,0,0,10,2019-11-21 14:19:59
Dunster Beach,1,0,nan,nan,nan,nan,nan,nan,nan,nan,nan,nan,nan,nan,nan,nan,nan,nan,nan,(0),nan,0,0,10,2019-11-21 14:19:59
Durleigh Reservoir,nan,0,0.0,nan,nan,0,nan,0,nan,nan,nan,nan,0.0,0,0,0,1.0,0.0,0.0,0,nan,0,0,10,2019-11-21 14:19:59
Earls Barton Gravel Pits,0,0,0.0,0.0,(0),0,0.0,0,0,0.0,0,0,0.0,0,0,0,0.0,0.0,0.0,0,nan,0,0,10,2019-11-21 14:19:59
East Chevington Pools,nan,nan,0.0,0.0,0,0,1.0,0,0,0.0,0,1,0.0,0,0,0,0.0,0.0,0.0,0,nan,0,0,10,2019-11-21 14:19:59
Eastbourne Park Lakes,0,0,0.0,0.0,0,0,0.0,0,1,0.0,1,0,0.0,0,0,0,0.0,0.0,0.0,0,nan,0,0,10,2019-11-21 14:19:59
Ellesmere Lakes,0,0,0.0,0.0,0,0,0.0,0,0,0.0,0,0,0.0,0,0,0,0.0,0.0,0.0,0,nan,0,0,10,2019-11-21 14:19:59
Emberton Gravel Pits,0,0,0.0,0.0,0,0,0.0,(0),0,0.0,0,0,0.0,0,0,0,0.0,0.0,nan,0,nan,0,0,10,2019-11-21 14:19:59
Endrick Water - Council Boundary to Drymen Bridge,0,(0),nan,nan,nan,1Supplementary visit under the WeBS Core Count SurveyWeBS,0.0,0,0,0.0,0,0,0.0,0,0,0,0.0,0.0,0.0,0,nan,0,0,10,2019-11-21 14:19:59
Erme Estuary,0,0,0.0,0.0,0,(0),0.0,0,0,0.0,0,0,0.0,0,0,0,0.0,0.0,0.0,0,nan,0,0,10,2019-11-21 14:19:59
Fairlands Valley Park,nan,nan,nan,nan,0,0,0.0,0,0,0.0,0,0,0.0,1,0,0,0.0,0.0,0.0,0,nan,0,0,10,2019-11-21 14:19:59
Fal Complex,0,1,1.0,0.0,0,0,0.0,0,0,1.0,40,0,0.0,0,0,0,0.0,0.0,0.0,0,nan,0,0,10,2019-11-21 14:19:59
Farnborough Park,nan,nan,nan,nan,nan,nan,nan,nan,nan,nan,nan,nan,1.0,0,0,0,0.0,0.0,0.0,0,nan,0,0,10,2019-11-21 14:19:59
Farne Islands,(0),0,0.0,1.0,0,0,0.0,0,0,0.0,18,0,0.0,0,0,0,nan,nan,nan,0,nan,0,0,10,2019-11-21 14:19:59
Fedderate Reservoir,nan,nan,nan,nan,nan,nan,nan,nan,nan,nan,nan,nan,0.0,0,0,0,0.0,0.0,0.0,0,nan,0,0,10,2019-11-21 14:19:59
Fen Drayton Lakes,0,0,0.0,0.0,0,0,0.0,0,0,0.0,0,0,0.0,0,0,(0),0.0,0.0,0.0,0,nan,0,0,10,2019-11-21 14:19:59
Filey Bay,0,0,nan,nan,nan,nan,0.0,0,nan,0.0,0,0,0.0,0,0,0,0.0,0.0,nan,nan,nan,0,0,10,2019-11-21 14:19:59
Fisherwick and Elford Gravel Pits,0,0,0.0,0.0,0,0,0.0,0,(0),0.0,0,0,0.0,0,0,0,0.0,0.0,0.0,0,nan,0,0,10,2019-11-21 14:19:59
Fleet Pond,0,0,0.0,nan,0,0,0.0,0,0,0.0,0,0,0.0,0,0,(0),0.0,0.0,0.0,0,nan,0,0,10,2019-11-21 14:19:59
Fraserburgh to Rosehearty,nan,nan,nan,nan,nan,nan,nan,nan,nan,nan,nan,nan,nan,nan,nan,nan,nan,0,0,0,nan,0,0,11,2019-11-21 14:20:04
Garlieston Bay,nan,nan,nan,nan,nan,nan,nan,nan,nan,nan,0.0,7Supplementary visit under the WeBS Core Count SurveyWeBS,nan,26,nan,nan,nan,nan,0,nan,nan,0,0,11,2019-11-21 14:20:04
Gart Complex,0,0,0,0,0.0,0,0.0,0,0,0.0,0.0,0,0.0,0,0,1,0,0,0,0,nan,0,0,11,2019-11-21 14:20:04
Garths Loch Scatness,nan,0,0,0,0.0,0,0.0,0,0,0.0,0.0,0,0.0,0,0,0,0,0,0,1,Nov,0,0,11,2019-11-21 14:20:04
Gerrans Bay,nan,nan,0,0,0.0,0,0.0,0,0,0.0,37.0,0,0.0,0,0,0,0,0,0,0,nan,0,0,11,2019-11-21 14:20:04
Girvan to Turnberry,0,0,0,0,1.0,0,3.0,0,(0),0.0,0.0,0,0.0,0,0,0,(0),0,0,0,nan,0,0,11,2019-11-21 14:20:04
Gladhouse Reservoir,0,0,nan,0,0.0,(0),0.0,0,0,0.0,0.0,0,0.0,0,0,0,0,(0),0,0,nan,0,0,11,2019-11-21 14:20:04
Godmanchester Nature Reserve,0,0,0,0,0.0,0,0.0,0,0,nan,nan,nan,0.0,0,0,0,(0),0,0,0,nan,0,0,11,2019-11-21 14:20:04
Gouthwaite Reservoir,0,0,(0),0,nan,nan,nan,nan,nan,nan,nan,nan,0.0,1,0,0,0,0,0,0,nan,0,0,11,2019-11-21 14:20:04
Grafham Water,0,0,0,0,0.0,0,0.0,0,(0),0.0,0.0,0,0.0,1,0,(0),0,0,0,0,nan,0,0,11,2019-11-21 14:20:04
Grimley New Workings,nan,nan,nan,nan,nan,0,0.0,(0),0,0.0,2.0,0,0.0,0,0,0,0,0,0,0,nan,0,0,11,2019-11-21 14:20:04
Gunthorpe Gravel Pits and River Trent,0,0,0,0,0.0,0,0.0,0,0,0.0,0.0,nan,nan,0,nan,0,0,nan,nan,nan,nan,0,0,11,2019-11-21 14:20:04
Hardley Flood,nan,nan,0,nan,0.0,0,0.0,0,0,0.0,0.0,0,0.0,0,0,(0),0,0,nan,nan,nan,0,0,11,2019-11-21 14:20:04
"Hardwick Farm Pond, Harwood Dale",nan,nan,nan,nan,nan,nan,nan,nan,nan,nan,nan,nan,nan,0,0,0,0,1,0,0,nan,0,0,11,2019-11-21 14:20:04
Harrold-Odell Country Park,0,0,0,0,0.0,0,nan,nan,nan,nan,0.0,0,0.0,0,0,0,0,0,0,0,nan,0,0,11,2019-11-21 14:20:04
Haslingden Grane Reservoirs,0,0,0,0,0.0,0,0.0,0,0,0.0,0.0,0,0.0,nan,0,0,0,0,0,0,nan,0,0,11,2019-11-21 14:20:04
Hauxley Nature Reserve,nan,nan,0,0,0.0,0,0.0,7,0,0.0,0.0,0,0.0,0,0,0,0,0,0,0,nan,0,0,11,2019-11-21 14:20:04
Helford Estuary,(0),(0),(0),0,0.0,0,0.0,0,0,0.0,0.0,nan,0.0,0,2,0,0,0,0,0,nan,0,0,11,2019-11-21 14:20:04
Hell's Mouth,(0),(0),0,0,0.0,0,0.0,0,8,0.0,0.0,0,0.0,0,0,0,0,0,0,0,nan,0,0,11,2019-11-21 14:20:04
Henfield Brooks,(0),0,11,0,1.0,0,0.0,(0),(0),0.0,0.0,(0),0.0,(0),0,0,0,0,(0),(0),nan,0,0,11,2019-11-21 14:20:04
Hilfield Park Reservoir,0,0,0,0,0.0,0,0.0,0,0,0.0,1.0,0,0.0,0,0,0,0,0,0,0,nan,0,0,11,2019-11-21 14:20:04
Hinchingbrooke Gravel Pit,0,0,0,0,nan,nan,nan,nan,nan,nan,0.0,0,0.0,0,0,0,0,nan,nan,nan,nan,0,0,11,2019-11-21 14:20:04
Holden Wood Reservoir,0,0,0,0,0.0,0,0.0,0,0,0.0,0.0,0,0.0,nan,0,0,nan,nan,nan,nan,nan,0,0,11,2019-11-21 14:20:04
Hollowell Reservoir,0,0,0,0,0.0,0,0.0,0,0,0.0,0.0,0,0.0,0,0,0,0,0,0,0,nan,0,0,11,2019-11-21 14:20:04
Holme Pierrepont Gravel Pits,0,0,0,nan,nan,0,0.0,0,0,1.0,0.0,0,0.0,0,0,0,0,nan,0,0,nan,0,0,11,2019-11-21 14:20:04
Holywell Pond,nan,nan,(0),0,0.0,0,0.0,0,0,0.0,0.0,0,0.0,0,0,0,0,0,0,0,nan,0,0,11,2019-11-21 14:20:04
Hornsea Mere,0,0,0,0,0.0,0,0.0,1,0,0.0,0.0,0,0.0,0,0,0,0,0,0,0,nan,0,0,11,2019-11-21 14:20:04
Hoveringham and Bleasby Gravel Pits,0,0,0,0,nan,nan,0.0,0,0,0.0,0.0,0,0.0,(0),0,0,0,1,0,0,nan,0,0,11,2019-11-21 14:20:04
Howick to Beadnell,0,0,0,(0),0.0,(0),2.0,0,0,0.0,6.0,5,201.0,3,(0),0,1,0,(0),0,nan,0,0,11,2019-11-21 14:20:04
Hunterston to Fairlie,nan,nan,nan,nan,nan,nan,nan,nan,nan,nan,nan,nan,nan,nan,0,(0),0,0,0,0,nan,0,0,11,2019-11-21 14:20:04
Hurworth Burn Reservoir,0.0,0,0.0,0,0,nan,0,0.0,0,0,0,1,0.0,0,0.0,0,0,0.0,0,0,nan,0,0,12,2019-11-21 14:20:10
Irt and Mite and Esk Estuary,0.0,0,nan,0,0,0,0,0.0,(0),8,0,0,0.0,0,0.0,0,0,0.0,0,0,nan,0,0,12,2019-11-21 14:20:10
Island Barn Reservoir,nan,0,0.0,0,0,0,0,nan,0,0,0,0,0.0,0,0.0,0,0,0.0,0,0,nan,0,0,12,2019-11-21 14:20:10
Island of Burray,0.0,(0),0.0,0,0,0,0,0.0,0,0,0,0,0.0,0,0.0,0,0,0.0,0,nan,nan,0,0,12,2019-11-21 14:20:10
Island of Papa Westray,nan,nan,nan,0,(0),(0),(0),0.0,1,0,1,2,2.0,3,2.0,1,0,0.0,0,0,nan,0,0,12,2019-11-21 14:20:10
Isle of Cumbrae,0.0,0,nan,nan,nan,nan,nan,nan,nan,nan,nan,nan,nan,0,nan,nan,nan,nan,0,0,nan,0,0,12,2019-11-21 14:20:10
Kenfig Pool,0.0,0,0.0,0,0,0,0,1.0,0,0,0,0,0.0,0,0.0,0,0,0.0,0,0,nan,0,0,12,2019-11-21 14:20:10
Kentra Bay,nan,nan,nan,nan,nan,nan,nan,0.0,0,0,1,0,0.0,0,0.0,0,0,0.0,0,(0),nan,0,0,12,2019-11-21 14:20:10
Kilconquhar Loch,0.0,0,0.0,0,1,0,0,0.0,0,0,0,0,0.0,0,0.0,0,0,0.0,0,0,nan,0,0,12,2019-11-21 14:20:10
Kilnaughton Bay Port Ellen,nan,nan,nan,nan,nan,nan,0,nan,nan,14,16,nan,nan,0,0.0,0,0,0.0,0,0,nan,0,0,12,2019-11-21 14:20:10
King George VI Reservoir,0.0,12,0.0,0,0,0,0,0.0,0,0,(0),0,0.0,0,0.0,0,0,0.0,0,1,Feb,0,0,12,2019-11-21 14:20:10
King's Dyke Pits Whittlesey,0.0,0,nan,nan,nan,0,0,0.0,0,0,0,0,0.0,0,0.0,0,0,0.0,nan,nan,nan,0,0,12,2019-11-21 14:20:10
King's Meads,0.0,0,0.0,0,0,0,0,1.0,0,0,0,0,0.0,0,0.0,0,0,0.0,nan,nan,nan,0,0,12,2019-11-21 14:20:10
Kinmount Lakes,nan,nan,nan,nan,nan,nan,nan,nan,nan,nan,nan,nan,nan,0,nan,nan,0,0.0,nan,nan,nan,0,0,12,2019-11-21 14:20:10
Kirkcudbright Bay and Dee Estuary,0.0,0,0.0,nan,nan,nan,nan,nan,nan,nan,nan,2Supplementary visit under the WeBS Core Count SurveyWeBS,0.0,2Supplementary visit under the WeBS Core Count SurveyWeBS,0.0,0,0,nan,nan,nan,nan,0,0,12,2019-11-21 14:20:10
Ladyburn Lake (Druridge Bay CP),nan,nan,nan,0,0,0,0,0.0,0,0,0,nan,nan,nan,nan,nan,0,0.0,0,0,nan,0,0,12,2019-11-21 14:20:10
Lambeth Reservoirs,0.0,0,0.0,0,0,0,0,0.0,0,0,0,0,0.0,0,0.0,0,0,0.0,0,0,nan,0,0,12,2019-11-21 14:20:10
Lapwing Hall Pool,nan,nan,nan,nan,nan,nan,nan,nan,0,0,0,0,0.0,0,1.0,0,0,0.0,0,0,nan,0,0,12,2019-11-21 14:20:10
Lea Farm Gravel Pit,nan,nan,nan,nan,nan,nan,nan,nan,nan,nan,nan,nan,0.0,0,0.0,0,0,0.0,1,1,Feb,0,0,12,2019-11-21 14:20:10
Lee Valley Gravel Pits,0.0,(0),0.0,0,0,0,0,0.0,0,0,0,0,0.0,0,0.0,0,1,0.0,0,0,nan,0,0,12,2019-11-21 14:20:10
Linford Gravel Pits,0.0,0,0.0,0,0,0,0,0.0,0,0,0,0,0.0,0,0.0,0,0,0.0,0,0,nan,0,0,12,2019-11-21 14:20:10
Livermere and Ampton Water,0.0,0,0.0,(1),0,0,0,0.0,nan,2,0,0,nan,nan,nan,nan,nan,nan,(0),0,nan,0,0,12,2019-11-21 14:20:10
Llangorse Lake,0.0,0,0.0,1Supplementary roost count under the WeBS Core Count SurveyWeBS,0,0,0,0.0,0,0,0,0,0.0,0,0.0,(0),(1),0.0,0,0,nan,0,0,12,2019-11-21 14:20:10
Llyn Coed-y-Dinas,1.0,0,0.0,0,0,0,0,0.0,0,nan,nan,nan,nan,nan,nan,0,0,0.0,0,nan,nan,0,0,12,2019-11-21 14:20:10
Llyn Tegid,0.0,nan,nan,0,0,0,0,0.0,0,0,1,0,0.0,0,0.0,0,0,0.0,0,0,nan,0,0,12,2019-11-21 14:20:10
Llys-y-fran Reservoir,0.0,(0),0.0,(0),0,0,0,0.0,(1),0,0,0,0.0,0,0.0,0,0,0.0,0,0,nan,0,0,12,2019-11-21 14:20:10
Loch An Alltain Duibh,0.0,(0),1.0,nan,nan,nan,0,0.0,0,(0),0,0,0.0,0,0.0,0,0,0.0,0,0,nan,0,0,12,2019-11-21 14:20:10
Loch An Eilein (Tiree),0.0,0,0.0,0,0,0,0,0.0,0,0,0,0,1.0,0,0.0,0,0,0.0,0,0,nan,0,0,12,2019-11-21 14:20:10
Loch Ardnave,0.0,0,0.0,nan,0,0,0,0.0,0,0,0,0,0.0,0,0.0,0,0,0.0,0,0,nan,0,0,12,2019-11-21 14:20:10
Loch Bee (South Uist),nan,0,18.0,1,2,0,17,0.0,0,0,0,nan,0.0,0,0.0,0,0,2.0,0,0,nan,0,0,12,2019-11-21 14:20:10
Loch Bhasapoll (Tiree),0,(0),0,0,0,0,0,0.0,0,0,0,0,0,0,0,0,1,0,0,0,nan,0,0,13,2019-11-21 14:20:16
Loch Crinan,0,0,0,0,0,0,0,0.0,0,0,0,0,0,2Supplementary visit under the WeBS Core Count SurveyWeBS,0,0,0,1,0,0,nan,0,0,13,2019-11-21 14:20:16
Loch Garten,nan,nan,nan,nan,nan,0,1,nan,(0),0,0,0,0,0,0,0,0,0,0,0,nan,0,0,13,2019-11-21 14:20:16
Loch Gilp,0,(0),nan,nan,nan,nan,nan,nan,nan,nan,nan,nan,0,nan,(0),0,0,0,0,0,nan,0,0,13,2019-11-21 14:20:16
Loch Hempriggs,(0),0,0,0,nan,nan,0,0.0,0,0,(0),0,0,0,0,0,0,1,0,0,nan,0,0,13,2019-11-21 14:20:16
Loch Inver,0,(0),nan,nan,nan,(0),0,0.0,0,0,3,(0),(0),0,(0),0,(0),0,0,0,nan,0,0,13,2019-11-21 14:20:16
Loch Ken,(0),(0),0,(0),(0),(1),(0),nan,0,nan,nan,0,0,0,0,0,0,0,0,nan,nan,0,0,13,2019-11-21 14:20:16
Loch Leven,0,0,0,0,0,0,0,0.0,0,0,0,0,0,0,0,0,0,0,0,0,nan,0,0,13,2019-11-21 14:20:16
Loch Lomond,1,(0),0,0,(0),(0),0,0.0,0,0,0,7,0,0,0,(0),(0),(0),0,(0),nan,0,0,13,2019-11-21 14:20:16
Loch Mor (Benbecula),nan,nan,nan,nan,nan,nan,nan,0.0,1,0,0,0,0,0,0,0,0,0,(0),0,nan,0,0,13,2019-11-21 14:20:16
Loch Riaghain (Tiree),0,0,0,0,0,0,0,7.0,0,0,0,0,0,0,0,0,0,0,0,0,nan,0,0,13,2019-11-21 14:20:16
Loch Sandary (North Uist),nan,0,0,0,0,0,0,0.0,0,0,18,0,0,0,nan,0,0,0,nan,nan,nan,0,0,13,2019-11-21 14:20:16
Loch Spynie,0,0,0,0,0,0,0,0.0,nan,0,0,0,0,0,0,0,0,0,0,0,nan,0,0,13,2019-11-21 14:20:16
Loch a' Chinn Uacraich (Coot Loch) (Benbecula),nan,nan,nan,nan,nan,nan,nan,0.0,0,0,nan,nan,0,0,3,0,0,0,0,0,nan,0,0,13,2019-11-21 14:20:16
Loch of Ayre,0,(0),0,(0),0,0,0,0.0,0,0,2,0,0,0,0,0,0,0,0,nan,nan,0,0,13,2019-11-21 14:20:16
Loch of Harray,0,(0),0,0,0,0,0,0.0,0,1,(0),0,0,0,0,0,0,0,(0),0,nan,0,0,13,2019-11-21 14:20:16
Loch of Hundland,0,0,0,0,0,0,0,0.0,0,0,(0),0,0,0,0,0,0,0,(0),0,nan,0,0,13,2019-11-21 14:20:16
Loch of Lintrathen,(0),0,(0),0,0,0,0,nan,(0),0,(0),0,0,0,(0),0,0,0,0,0,nan,0,0,13,2019-11-21 14:20:16
Loch of Loirston,0,0,0,0,0,0,0,0.0,0,0,0,0,0,0,0,0,0,0,2,0,nan,0,0,13,2019-11-21 14:20:16
Loch of Reiff,nan,nan,nan,nan,nan,nan,nan,nan,0,(0),0,0,0,0,0,0,0,0,1,0,nan,0,0,13,2019-11-21 14:20:16
Loch of Skaill,0,(0),0,0,0,0,0,0.0,0,0,0,0,0,0,0,0,0,0,0,0,nan,0,0,13,2019-11-21 14:20:16
Loch of Spiggie,nan,0,1,0,0,0,0,0.0,0,1,0,1,0,0,1,0,0,1,0,1,Oct,0,0,13,2019-11-21 14:20:16
Loch of Stenness,0,(0),0,0,0,0,0,0.0,0,0,0,0,1,0,0,0,0,0,0,0,nan,0,0,13,2019-11-21 14:20:16
Loch of Tankerness,1,0,1,0,0,0,0,1.0,0,0,(1),0,0,0,0,0,0,0,nan,nan,nan,0,0,13,2019-11-21 14:20:16
Lockwood Beck Reservoir,0,0,nan,0,0,0,0,0.0,(0),0,0,0,0,0,0,0,0,0,0,1,Feb,0,0,13,2019-11-21 14:20:16
Loe Pool,0,0,1,0,0,0,0,0.0,0,0,0,0,0,0,0,0,0,0,0,0,nan,0,0,13,2019-11-21 14:20:16
London Wetland Centre,0,0,0,0,0,0,0,0.0,0,0,0,0,0,0,0,0,0,0,0,0,nan,0,0,13,2019-11-21 14:20:16
Longis Bay,nan,nan,nan,nan,nan,nan,nan,nan,nan,0,0,(0),1,0,(0),0,1,nan,0,nan,nan,0,0,13,2019-11-21 14:20:16
Loughs Neagh and Beg,0,0,0,0,0,0,0,0.0,0,2,2,0,0,0,0,0,1,0,0,0,nan,0,0,13,2019-11-21 14:20:16
Lower Derwent Ings,0,0,0,0,0,0,0,0.0,0,0,0,0,0,0,0,0,0,0,0,0,nan,0,0,13,2019-11-21 14:20:16
Lunt Meadows,nan,nan,nan,nan,nan,nan,nan,nan,nan,nan,nan,nan,nan,nan,1,0,0,0,0,0.0,nan,0,0,14,2019-11-21 14:20:21
Lynford Gravel Pit,1,0,0,nan,nan,nan,nan,nan,0,0,0,0,0,0,(0),(0),(0),(0),(0),0.0,nan,0,0,14,2019-11-21 14:20:21
Maer Lake,0,0,0,0,0.0,0.0,0.0,2,4,0,1,0,0,0,0,0,0,0,0,0.0,nan,0,0,14,2019-11-21 14:20:21
Marlow Gravel Pits,0,0,0,nan,nan,nan,nan,nan,nan,nan,nan,nan,nan,(0),0,0,nan,nan,nan,nan,nan,0,0,14,2019-11-21 14:20:21
Martham Broad,nan,nan,nan,nan,0.0,0.0,0.0,0,0,0,0,0,0,0,0,0,0,0,0,0.0,nan,0,0,14,2019-11-21 14:20:21
Marton Pool Baschurch,0,0,(0),0,0.0,0.0,0.0,0,0,0,(0),0,0,0,0,0,(0),0,0,0.0,nan,0,0,14,2019-11-21 14:20:21
Mawddach Estuary,nan,nan,1,0,nan,nan,nan,0,0,0,(2),0,0,0,0,0,(0),0,0,0.0,nan,0,0,14,2019-11-21 14:20:21
Maxey Pits,0,0,0,0,0.0,0.0,0.0,0,0,0,0,0,0,0,1,0,0,0,0,0.0,nan,0,0,14,2019-11-21 14:20:21
Middle Yare Marshes,0,0,0,0,1.0,0.0,0.0,0,1,0,0,(0),0,0,0,0,1,0,0,0.0,nan,0,0,14,2019-11-21 14:20:21
Mill Dam and Balfour Mains Pools,0,0,0,1,0.0,0.0,0.0,0,0,0,0,0,0,0,0,0,0,0,0,0.0,nan,0,0,14,2019-11-21 14:20:21
Moors Valley Country Park,0,0,0,0,0.0,0.0,0.0,0,0,0,0,0,0,0,0,0,0,0,0,0.0,nan,0,0,14,2019-11-21 14:20:21
Mumbles Head,nan,nan,nan,nan,nan,nan,nan,nan,nan,nan,nan,nan,nan,0,0,0,0,0,1,0.0,nan,0,0,14,2019-11-21 14:20:21
Nene Washes,0,0,0,0,0.0,0.0,0.0,0,0,(0),0,0,0,0,1,0,0,0,(0),0.0,nan,0,0,14,2019-11-21 14:20:21
Nevern Estuary,0,(0),1,2,0.0,0.0,1.0,5,0,0,0,0,0,0,1,0,0,0,0,2.0,Nov,0,0,14,2019-11-21 14:20:21
New Cut (Palmarsh),0,0,0,0,0.0,0.0,0.0,(0),0,0,0,0,0,7,nan,0,nan,nan,nan,nan,nan,0,0,14,2019-11-21 14:20:21
Newcastle Shore,0,0,0,nan,nan,nan,nan,nan,nan,nan,0,nan,nan,nan,nan,0,nan,nan,0,nan,nan,0,0,14,2019-11-21 14:20:21
Newgale Beach,0,nan,0,0,3.0,0.0,0.0,(0),(0),0,0,(0),(0),(0),0,(1),(0),(0),(0),0.0,nan,1,1,14,2019-11-21 14:20:21
Newton Pool,nan,nan,0,0,0.0,0.0,0.0,0,0,nan,1,0,63Icelandic-breeding Goose CensusWildfowl and Wetlands Trust,0,0,0,0,0,0,0.0,nan,0,0,14,2019-11-21 14:20:21
Nor Wick and Skaw,nan,0,0,0,0.0,0.0,0.0,0,0,1,0,0,0,0,0,0,0,nan,0,0.0,nan,0,0,14,2019-11-21 14:20:21
North Bay (South Uist),nan,nan,nan,nan,0.0,0.0,31.0,0,0,0,0,nan,0,0,0,0,0,0,0,0.0,nan,0,0,14,2019-11-21 14:20:21
North Cave Pond,nan,nan,nan,nan,0.0,1.0,nan,nan,nan,nan,nan,nan,nan,nan,nan,nan,nan,0,0,0.0,nan,0,0,14,2019-11-21 14:20:21
North Cave Wetlands,0,0,0,0,0.0,0.0,0.0,0,0,0,0,0,0,0,0,0,0,0,0,0.0,nan,0,0,14,2019-11-21 14:20:21
Ogmore Estuary,(0),0,0,0,0.0,0.0,0.0,1,0,0,0,0,1,8,0,0,0,0,0,0.0,nan,0,0,14,2019-11-21 14:20:21
Orchardton and Auchencairn Bays,0,0,0,nan,0.0,0.0,0.0,0,0,0,0,0,0,0,0,0,0,0,0,1.0,Nov,0,0,14,2019-11-21 14:20:21
Orgreave,nan,nan,nan,nan,nan,nan,nan,nan,nan,nan,1,0,0,0,0,0,0,0,0,0.0,nan,0,0,14,2019-11-21 14:20:21
Oulton Ponds,nan,nan,nan,nan,nan,1.0,0.0,0,0,(0),0,0,nan,0,0,0,0,0,0,0.0,nan,0,0,14,2019-11-21 14:20:21
Ouse Washes,1,0,2Supplementary visit under the WeBS Core Count SurveyWeBS,1Supplementary visit under the WeBS Core Count SurveyWeBS,4.0,1.0,0.0,1,79Supplementary visit under the WeBS Core Count SurveyWeBS,0,0,0,0,0,1,0,0,1,0,0.0,nan,0,0,14,2019-11-21 14:20:21
Overcote Marina,nan,1Supplementary visit under the WeBS Core Count SurveyWeBS,nan,nan,nan,nan,nan,nan,nan,nan,0,0,0,0,0,0,nan,nan,nan,nan,nan,0,0,14,2019-11-21 14:20:21
Papercourt Gravel Pits,0,nan,nan,0,0.0,0.0,0.0,0,0,0,0,0,0,0,0,0,0,0,0,0.0,nan,0,0,14,2019-11-21 14:20:21
Par Sands,nan,nan,nan,nan,nan,nan,nan,nan,nan,nan,nan,nan,nan,(0),0,1,0,0,nan,0.0,nan,0,0,14,2019-11-21 14:20:21
Par Sands Pools and St Andrews Road,0,6,0,0,0,2,(0),0,1.0,50,30,0.0,0,0.0,(0),0,0,0,nan,0,nan,0,0,15,2019-11-21 14:20:27
Peterhead Bay and Sandford Bay,nan,nan,nan,nan,nan,0,0,0,nan,nan,0,1.0,(0),0.0,0,0,0,0,0,0,nan,0,0,15,2019-11-21 14:20:27
Pevensey Levels,(2),0,(0),0,0,0,0,8,1.0,1,1,0.0,1,0.0,0,0,0,0,0,0,nan,0,0,15,2019-11-21 14:20:27
Piddinghoe Lake to Tidemills,nan,nan,nan,nan,nan,nan,nan,nan,nan,nan,nan,nan,nan,0.0,0,0,0,0,0,1,Dec,0,0,15,2019-11-21 14:20:27
Piltanton and Luce Estuaries,0,nan,nan,nan,nan,nan,nan,nan,nan,nan,nan,0.0,0,0.0,0,0,0,0,0,0,nan,0,0,15,2019-11-21 14:20:27
Pirton Pool,0,0,0,0,0,0,0,0,0.0,0,0,0.0,0,0.0,0,0,0,0,0,0,nan,0,0,15,2019-11-21 14:20:27
Pitsford Reservoir,(0),0,0,0,0,0,0,0,0.0,0,0,0.0,0,1.0,0,0,0,0,0,0,nan,0,0,15,2019-11-21 14:20:27
Point of Ayre Gravel Pit,nan,nan,nan,0,0,0,0,0,1.0,0,0,0.0,0,nan,nan,nan,0,0,0,0,nan,0,0,15,2019-11-21 14:20:27
Port Meadow,0,0,0,(0),0,0,0,0,0.0,0,0,0.0,0,0.0,48,0,0,0,0,0,nan,0,0,15,2019-11-21 14:20:27
Porth Reservoir,0,0,1,0,0,0,0,0,0.0,0,0,0.0,0,0.0,0,nan,nan,0,0,0,nan,0,0,15,2019-11-21 14:20:27
Powdermill Reservoir,0,0,(0),0,(0),0,0,3,0.0,0,(0),0.0,0,0.0,0,(0),0,0,0,0,nan,0,0,15,2019-11-21 14:20:27
Pugneys Country Park Lakes,0,0,0,0,0,0,0,0,0.0,0,0,0.0,0,0.0,0,0,0,0,0,0,nan,0,0,15,2019-11-21 14:20:27
Pulfin Bog and High Eske Nature Reserve,0,0,0,0,0,(0),0,0,0.0,0,0,0.0,0,1.0,0,0,0,0,0,0,nan,0,0,15,2019-11-21 14:20:27
Queen Elizabeth II Country Park Lakes,nan,nan,0,0,0,0,0,0,0.0,0,0,0.0,0,0.0,0,0,0,0,1,0,nan,0,0,15,2019-11-21 14:20:27
Queen Mother Reservoir,0,0,0,0,0,0,0,0,0.0,0,0,0.0,0,0.0,0,0,0,0,0,0,nan,0,0,15,2019-11-21 14:20:27
Queen's Park (Swindon),0,1,0,0,0,0,0,0,0.0,0,0,0.0,0,0.0,0,0,0,0,0,0,nan,0,0,15,2019-11-21 14:20:27
R.Bervie: Bervie Bay to Upper Mill,nan,nan,nan,nan,nan,nan,nan,nan,nan,nan,nan,nan,2,3.0,2,(0),(0),0,0,0,nan,0,0,15,2019-11-21 14:20:27
Raa Estuary and Achnahaird Bay,0,(0),(0),nan,nan,nan,0,(0),0.0,0,0,0.0,0,0.0,0,0,0,0,(0),0,nan,0,0,15,2019-11-21 14:20:27
Radwell Lakes,0,0,0,0,0,0,nan,nan,0.0,0,0,3.0,0,0.0,0,0,0,0,0,0,nan,0,0,15,2019-11-21 14:20:27
Ranworth and Cockshoot Broads,0,0,0,0,0,0,0,0,0.0,0,0,0.0,0,0.0,0,0,0,0,0,0,nan,0,0,15,2019-11-21 14:20:27
Ravensthorpe Reservoir,0,0,0,0,0,0,0,0,0.0,0,0,0.0,0,0.0,1,0,0,0,0,0,nan,0,0,15,2019-11-21 14:20:27
Rest Bay,nan,nan,nan,nan,nan,nan,nan,nan,nan,nan,nan,nan,nan,nan,nan,nan,nan,0,1,0,nan,0,0,15,2019-11-21 14:20:27
Rhossili Causeway,nan,nan,nan,nan,nan,nan,nan,nan,nan,nan,nan,nan,nan,nan,nan,0,0,0,0,0,nan,0,0,15,2019-11-21 14:20:27
Ribble Valley at Long Preston,nan,nan,nan,nan,nan,nan,nan,nan,0.0,0,0,0.0,0,1.0,0,0,0,0,0,0,nan,0,0,15,2019-11-21 14:20:27
Ringstead Gravel Pits,nan,nan,nan,0,nan,0,nan,nan,nan,nan,0,0.0,0,0.0,0,0,0,0,0,0,nan,0,0,15,2019-11-21 14:20:27
River Arun - Arundel to Littlehampton,nan,nan,nan,nan,nan,0,nan,nan,0.0,nan,0,0.0,0,0.0,7,nan,nan,(0),(0),0,nan,0,0,15,2019-11-21 14:20:27
River Avon - Fordingbridge to Ringwood,0,0,0,0,(0),0,0,0,0.0,0,1,0.0,0,0.0,0,0,0,0,0,0,nan,0,0,15,2019-11-21 14:20:27
River Avon - Ringwood to Christchurch,0,(0),0,(0),0,0,0,0,0.0,(0),0,0.0,0,0.0,0,0,0,0,0,0,nan,0,0,15,2019-11-21 14:20:27
River Cam - Kingfishers Bridge,(0),0,0,0,0,0,0,0,1.0,0,0,0.0,0,0.0,0,0,0,0,0,1,Apr,0,0,15,2019-11-21 14:20:27
"River Cuckmere - Exceat to Long Bridge, Alfriston",nan,nan,nan,nan,nan,nan,nan,nan,nan,nan,nan,nan,nan,nan,nan,nan,nan,nan,nan,0,nan,0,0,15,2019-11-21 14:20:27
River Lune - Caton to Hornby and Wenning Foot (The Snab),0,0,0,0.0,0.0,nan,nan,0.0,0,(0),0.0,0,0,0,0,0,0,0,0.0,0.0,nan,0,0,16,2019-11-21 14:20:32
River Medway - M2 to Chatham Maritime,(0),(0),0,0.0,0.0,0,0,0.0,0,0,2.0,(0),(0),(0),0,nan,nan,0,nan,nan,nan,0,0,16,2019-11-21 14:20:32
River Ouse - Southease to Lewes (Lewes Brooks),(0),0,(0),1.0,0.0,0,0,1.0,nan,0,0.0,0,0,0,0,0,0,1,0.0,0.0,nan,0,0,16,2019-11-21 14:20:32
River Ouse - Southease to Piddinghoe,nan,nan,nan,nan,nan,nan,nan,nan,1,0,0.0,0,0,0,0,nan,0,1,0.0,0.0,nan,0,0,16,2019-11-21 14:20:32
River Shiel,0,0,0,0.0,0.0,0,0,0.0,0,0,0.0,(0),(3),0,0,0,0,0,0.0,0.0,nan,0,0,16,2019-11-21 14:20:32
Rodley Nature Reserve,nan,0,0,0.0,0.0,0,0,0.0,0,0,0.0,0,0,0,0,0,0,(0),1.0,0.0,nan,0,0,16,2019-11-21 14:20:32
Rother Valley Country Park,0,0,0,0.0,0.0,0,0,0.0,nan,nan,nan,nan,nan,0,0,0,0,0,0.0,0.0,nan,0,0,16,2019-11-21 14:20:32
Roxton Lake,nan,0,0,0.0,0.0,0,0,0.0,0,0,0.0,0,0,0,1,0,0,0,0.0,0.0,nan,0,0,16,2019-11-21 14:20:32
Rumworth Lodge Reservoir,0,0,0,0.0,0.0,0,0,0.0,0,0,0.0,0,0,0,1,0,nan,nan,0.0,0.0,nan,0,0,16,2019-11-21 14:20:32
Ruxley GP,0,(0),0,0.0,0.0,0,0,0.0,0,nan,nan,nan,nan,0,0,(0),nan,nan,nan,nan,nan,0,0,16,2019-11-21 14:20:32
Salhouse Broad,0,0,0,0.0,0.0,0,0,0.0,0,0,0.0,0,0,0,nan,nan,nan,nan,0.0,0.0,nan,0,0,16,2019-11-21 14:20:32
Sanday (Orkney),nan,nan,nan,nan,nan,nan,nan,nan,0,0,0.0,0,nan,0Icelandic-breeding Goose CensusWildfowl and Wetlands Trust,nan,nan,nan,0,nan,0.0,nan,0,0,16,2019-11-21 14:20:32
Sandbach Flashes,0,0,0,0.0,0.0,(0),0,0.0,0,0,0.0,0,0,0,0,0,0,0,0.0,0.0,nan,0,0,16,2019-11-21 14:20:32
Scalby Ness Sands to Long Nab,nan,nan,nan,nan,nan,nan,nan,nan,nan,0,0.0,2,0,0,0,0,0,0,0.0,0.0,nan,0,0,16,2019-11-21 14:20:32
Sea Bank (Huttoft) Clay Pits,0,0,0,nan,nan,0,0,6.0,nan,nan,nan,nan,nan,2Supplementary visit under the WeBS Core Count SurveyWeBS,8Supplementary visit under the WeBS Core Count SurveyWeBS,0,0,0,0.0,0.0,nan,0,0,16,2019-11-21 14:20:32
Selset Reservoir,0,0,0,0.0,0.0,0,0,0.0,0,0,0.0,0,0,0,0,0,0,0,0.0,0.0,nan,0,0,16,2019-11-21 14:20:32
Serpentine and Long Water and Round Pond - Kensington,nan,nan,nan,nan,nan,nan,nan,nan,nan,nan,nan,nan,nan,nan,nan,0,0,0,0.0,0.0,nan,0,0,16,2019-11-21 14:20:32
Severn Hams,(0),0,0,0.0,0.0,0,0,0.0,0,0,0.0,1,0,0,0,0,0,0,0.0,0.0,nan,0,0,16,2019-11-21 14:20:32
Shavington Park,0,0,0,nan,nan,nan,nan,nan,nan,0,0.0,0,(0),0,0,0,0,0,0.0,0.0,nan,0,0,16,2019-11-21 14:20:32
Siblyback Reservoir,0,0,1,0.0,0.0,0,0,0.0,(0),0,nan,0,0,0,0,0,0,0,0.0,0.0,nan,0,0,16,2019-11-21 14:20:32
Sinah Gravel Pit,0,17,47,12.0,0.0,2,(23),6.0,14,9,0.0,0,0,25,0,0,nan,nan,nan,nan,nan,0,0,16,2019-11-21 14:20:32
Slains Lochs (Meikle and Sand and Cotehill),nan,(0),0,0.0,0.0,(0),0,0.0,0,0,nan,(0),0,0,0,0,0,0,0.0,0.0,nan,0,0,16,2019-11-21 14:20:32
Slapton Ley,0,0,0,1.0,0.0,0,0,0.0,0,0,0.0,0,0,0,(0),0,0,0,0.0,0.0,nan,0,0,16,2019-11-21 14:20:32
Solway Estuary,1,0,17,0.0,0.0,0,5,0.0,0,0,0.0,0,0,3,2,1,0,0,0.0,0.0,nan,0,0,16,2019-11-21 14:20:32
Solway Estuary (English counties),1,0,17,0.0,0.0,0,4,0.0,0,0,0.0,0,0,0,2,1,0,0,0.0,0.0,nan,0,0,16,2019-11-21 14:20:32
Solway Estuary (Scottish counties),0,0,0,0.0,0.0,0,2,0.0,0,0,0.0,0,0,3,0,0,0,0,0.0,0.0,nan,0,0,16,2019-11-21 14:20:32
Somerset Levels,0,0,0,3.0,0.0,0,0,0.0,1,1,12.0,1,0,0,0,0,0,0,0.0,0.0,nan,0,0,16,2019-11-21 14:20:32
Sonning Eye and Henley Road GPs,0,0,0,0.0,0.0,0,0,nan,0,nan,0.0,0,0,0,0,0,0,0,0.0,0.0,nan,0,0,16,2019-11-21 14:20:32
Sound of Gigha,nan,nan,nan,nan,nan,nan,nan,nan,nan,nan,0.0,16,0,0,1,0,(0),nan,nan,nan,nan,0,0,16,2019-11-21 14:20:32
Sound of Gigha and Rhunahaorine,nan,nan,nan,nan,nan,nan,nan,nan,nan,nan,0.0,16,0,0,1,0,(0),nan,0.0,0.0,nan,0,0,16,2019-11-21 14:20:32
South Huish Marsh,1.0,102Supplementary visit under the WeBS Core Count SurveyWeBS,1,1,0,1,2.0,0.0,0,0,0,0.0,0,0,0.0,0,0.0,1.0,0.0,1,Mar,0,0,17,2019-11-21 14:20:37
South Medwin Pools,nan,0,0,0,0,0,0.0,0.0,0,0,1,nan,nan,nan,nan,nan,nan,nan,nan,0,nan,0,0,17,2019-11-21 14:20:37
South Ronaldsay,0.0,(0),1,0,0,0,0.0,0.0,1,0,0,0.0,0,0,0.0,0,0.0,0.0,0.0,0,nan,0,0,17,2019-11-21 14:20:37
Spade Oak Gravel Pit (Little Marlow),0.0,0,0,0,0,0,0.0,0.0,0,0,0,0.0,0,0,0.0,0,0.0,0.0,1.0,0,nan,0,0,17,2019-11-21 14:20:37
Spittal to Cocklawburn,0.0,0,nan,(0),0,0,0.0,0.0,0,0,0,0.0,29,2,0.0,0,0.0,0.0,0.0,0,nan,0,0,17,2019-11-21 14:20:37
St Andrews Bay,0.0,0,0,0,0,0,0.0,31.0,0,0,(0),0.0,0,0,0.0,0,0.0,0.0,0.0,0,nan,0,0,17,2019-11-21 14:20:37
St Bees Head to Mawbray,0.0,0,nan,(0),0,(0),0.0,0.0,0,0,0,0.0,0,0,0.0,0,1.0,0.0,0.0,0,nan,0,0,17,2019-11-21 14:20:37
St Cyrus to Stonehaven,nan,nan,nan,nan,nan,nan,nan,nan,nan,nan,nan,nan,0,0,2.0,0,0.0,0.0,0.0,1,Feb,0,0,17,2019-11-21 14:20:37
St Gothian Sands,nan,nan,nan,nan,nan,nan,nan,nan,nan,nan,nan,nan,nan,0,0.0,0,0.0,1.0,0.0,0,nan,0,0,17,2019-11-21 14:20:37
Staines Reservoirs,0.0,0,0,0,0,0,0.0,0.0,0,0,0,0.0,0,0,0.0,0,1.0,0.0,0.0,0,nan,0,0,17,2019-11-21 14:20:37
Stanford Reservoir,0.0,0,0,0,0,0,0.0,0.0,0,0,0,0.0,0,0,0.0,0,0.0,0.0,0.0,0,nan,0,0,17,2019-11-21 14:20:37
Stanton Lake,0.0,0,0,0,0,0,0.0,0.0,0,0,0,0.0,1,0,0.0,0,0.0,0.0,0.0,0,nan,0,0,17,2019-11-21 14:20:37
Stewartby Lake,0.0,0,0,0,0,0,nan,nan,nan,nan,nan,nan,0,0,0.0,0,0.0,0.0,0.0,0,nan,0,0,17,2019-11-21 14:20:37
Stocks Reservoir,nan,nan,nan,0,nan,nan,nan,0.0,nan,nan,nan,nan,nan,nan,nan,nan,nan,nan,0.0,0,nan,0,0,17,2019-11-21 14:20:37
Stodmarsh,1.0,(1),0,0,0,0,0.0,0.0,0,0,0,0.0,1,0,0.0,0,0.0,0.0,0.0,0,nan,0,0,17,2019-11-21 14:20:37
Stratfield Saye,0.0,0,0,0,(0),0,0.0,0.0,0,0,0,0.0,(0),0,0.0,0,0.0,0.0,0.0,0,nan,0,0,17,2019-11-21 14:20:37
Summerleaze Gravel Pits,0.0,0,nan,0,(0),(0),0.0,0.0,0,0,0,0.0,0,0,0.0,0,0.0,nan,nan,nan,nan,0,0,17,2019-11-21 14:20:37
Sywell Country Park,0.0,0,0,0,0,0,0.0,0.0,0,0,0,0.0,0,0,0.0,0,0.0,0.0,0.0,(0),nan,0,0,17,2019-11-21 14:20:37
Tamar Lakes,0.0,0,0,0,nan,0,0.0,0.0,0,0,0,0.0,0,0,0.0,0,0.0,0.0,0.0,0,nan,0,0,17,2019-11-21 14:20:37
Teign Estuary,0.0,0,0,0,0,0,0.0,0.0,0,(1),(0),0.0,0,0,0.0,(0),1.0,0.0,0.0,0,nan,0,0,17,2019-11-21 14:20:37
Testwood Lakes,0.0,0,0,0,0,0,0.0,0.0,1,0,0,0.0,0,0,0.0,0,0.0,0.0,0.0,0,nan,0,0,17,2019-11-21 14:20:37
The Houb (Whalsay),nan,0,0,0,0,0,0.0,0.0,0,0,0,0.0,0,0,1.0,0,0.0,0.0,0.0,0,nan,0,0,17,2019-11-21 14:20:37
The Ouse and Lairo Water,0.0,0,0,0,0,0,0.0,0.0,0,0,0,0.0,0,0,0.0,0,0.0,0.0,0.0,0,nan,0,0,17,2019-11-21 14:20:37
The Strand Colonsay,0.0,0,nan,nan,nan,nan,nan,nan,nan,nan,nan,nan,nan,2,0.0,0,0.0,0.0,0.0,0,nan,0,0,17,2019-11-21 14:20:37
Thorne Moors,nan,nan,nan,nan,nan,nan,nan,nan,nan,nan,nan,nan,0,0,0.0,0,0.0,0.0,1.0,0,nan,0,0,17,2019-11-21 14:20:37
Thrapston Gravel Pits,0.0,0,0,0,0,0,nan,nan,nan,nan,0,0.0,0,0,0.0,0,0.0,0.0,0.0,0,nan,0,0,17,2019-11-21 14:20:37
Thurlestone Marsh,0.0,0,(0),(0),(0),0,0.0,0.0,0,0,0,0.0,0,0,1.0,0,0.0,0.0,nan,nan,nan,0,0,17,2019-11-21 14:20:37
Thurso Bay,nan,(0),nan,nan,1,(0),0.0,0.0,(0),0,0,1.0,0,0,0.0,0,0.0,0.0,0.0,0,nan,0,0,17,2019-11-21 14:20:37
Toft Newton Reservoir,0.0,0,0,0,0,0,0.0,0.0,0,0,0,0.0,0,0,0.0,0,0.0,0.0,0.0,1,Dec,0,0,17,2019-11-21 14:20:37
Tophill Low Reservoirs,0.0,1,0,0,0,0,0.0,1.0,0,(0),0,0.0,0,(1),0.0,0,0.0,0.0,0.0,0,nan,0,0,17,2019-11-21 14:20:37
Tottenhill Gravel Pits,0,0,0,0,nan,nan,nan,nan,nan,nan,nan,nan,nan,nan,(0),nan,nan,(0),nan,0,nan,0,0,18,2019-11-21 14:20:42
Traeth Bach,1,0,1,0,0.0,0.0,0,0,0.0,1,0,0,0,4Standard visit under the WeBS Low Tide Count SurveyWeBS,0,0.0,0,1,0,0,nan,0,0,18,2019-11-21 14:20:42
Tring Reservoirs,0,0,0,0,0.0,0.0,0,0,0.0,0,0,0,0,1,0,0.0,0,0,0,0,nan,0,0,18,2019-11-21 14:20:42
Trinity Broads,0,0,0,0,1.0,0.0,0,0,0.0,0,0,0,0,0,0,0.0,0,0,nan,nan,nan,0,0,18,2019-11-21 14:20:42
Tweed Estuary,0,(0),0,0,0.0,0.0,2,0,0.0,0,0,0,0,1,0,0.0,0,0,2,0,nan,0,0,18,2019-11-21 14:20:42
Twyford Gravel Pits,0,0,nan,0,1.0,0.0,0,0,0.0,0,(0),0,0,0,0,0.0,0,(0),0,0,nan,0,0,18,2019-11-21 14:20:42
Tyne Estuary,0,0,0,4,0.0,0.0,0,0,0.0,0,0,0,0,0,0,0.0,0,0,0,0,nan,0,0,18,2019-11-21 14:20:42
Tyttenhanger Gravel Pits,1,0,0,(0),1.0,0.0,0,(0),0.0,0,0,0,0,0,0,0.0,0,0,0,0,nan,0,0,18,2019-11-21 14:20:42
Upper Lough Erne,0,0,0,0,0.0,2.0,0,0,0.0,0,0,0,0,0,0,0.0,0,0,0,0,nan,0,0,18,2019-11-21 14:20:42
Upper Swell Pools,0,0,0,0,0.0,0.0,0,0,0.0,0,(0),0,0,0,0,0.0,0,0,0,0,nan,0,0,18,2019-11-21 14:20:42
Uyea Sound,nan,0,0,0,0.0,0.0,0,0,0.0,0,1,0,0,1,0,0.0,0,0,0,0,nan,0,0,18,2019-11-21 14:20:42
Venford Reservoir,1,0,0,0,0.0,0.0,0,0,0.0,0,0,0,0,0,0,0.0,0,0,0,0,nan,0,0,18,2019-11-21 14:20:42
Venus Pool,0,0,0,0,0.0,0.0,0,0,0.0,0,0,0,1,0,0,0.0,0,nan,nan,nan,nan,0,0,18,2019-11-21 14:20:42
Venus Pool and Cound Fishery,0,0,0,0,0.0,0.0,0,0,0.0,0,0,0,1,0,0,0.0,0,0,0,0,nan,0,0,18,2019-11-21 14:20:42
WWT Caerlaverock (Inland),0,0,(0),0,0.0,0.0,0,0,0.0,0,0,0,0,0,0,0.0,0,nan,nan,nan,nan,0,0,18,2019-11-21 14:20:42
WWT Martin Mere,1,2,0,0,0.0,0.0,1Supplementary visit under the WeBS Core Count SurveyWeBS,0,0.0,2,0,0,0,1,0,0.0,0,0,0,0,nan,0,0,18,2019-11-21 14:20:42
Walthamstow Reservoirs,0,0,0,0,0.0,0.0,0,0,0.0,0,0,nan,0,0,0,0.0,0,0,0,0,nan,0,0,18,2019-11-21 14:20:42
Wanlip North Lakes,0,0,nan,nan,nan,nan,nan,nan,nan,0,1,0,0,0,0,0.0,0,0,0,0,nan,0,0,18,2019-11-21 14:20:42
Wantsum Marshes,nan,nan,nan,nan,nan,nan,nan,nan,nan,nan,nan,nan,nan,nan,nan,nan,nan,nan,nan,0,nan,0,0,18,2019-11-21 14:20:42
Watch Water Reservoir,nan,0,0,0,0.0,0.0,(0),(0),nan,nan,nan,nan,nan,nan,nan,nan,nan,nan,0,0,nan,0,0,18,2019-11-21 14:20:42
Watermead Country Park South,0,0,0,0,0.0,0.0,0,0,0.0,0,0,0,0,0,0,0.0,0,0,0,0,nan,0,0,18,2019-11-21 14:20:42
Weirwood Reservoir,(0),(0),0,0,0.0,0.0,0,0,0.0,0,0,0,1,0,0,0.0,0,1,0,0,nan,0,0,18,2019-11-21 14:20:42
Welbeck Estate,nan,0,0,0,0.0,0.0,(0),1,0.0,(0),0,0,(0),0,0,0.0,0,0,0,0,nan,0,0,18,2019-11-21 14:20:42
Wellington Country Park,0,0,0,0,0.0,0.0,0,0,0.0,0,0,0,0,0,0,0.0,0,0,0,0,nan,0,0,18,2019-11-21 14:20:42
Wembury Beach,nan,nan,nan,nan,nan,nan,nan,nan,0.0,0,0,0,0,0,0,0.0,1Supplementary visit under the WeBS Core Count SurveyWeBS,0,(0),(0),nan,0,0,18,2019-11-21 14:20:42
West Water Reservoir,0,0,nan,0,0.0,0.0,0,(0),0.0,0,0,0,nan,0,nan,nan,nan,0,nan,0,nan,0,0,18,2019-11-21 14:20:42
Whitemoor Haye,nan,0,0,0,0.0,0.0,0,0,1.0,0,0,0,0,0,0,0.0,0,0,0,0,nan,0,0,18,2019-11-21 14:20:42
Whitesands Quarry,nan,nan,nan,nan,nan,nan,nan,nan,nan,nan,nan,nan,nan,0,0,0.0,0,0,0,0,nan,0,0,18,2019-11-21 14:20:42
Whitlingham Country Park,0,0,0,0,0.0,0.0,0,0,0.0,0,0,0,0,1,0,0.0,0,0,1,0,nan,0,0,18,2019-11-21 14:20:42
Wicken Fen,0,0,0,0,0.0,0.0,nan,0,0.0,0,0,1Supplementary visit under the WeBS Core Count SurveyWeBS,0,0,0,0.0,0,0,0,0,nan,0,0,18,2019-11-21 14:20:42
Widewater (Shoreham),0,1,0.0,0.0,0.0,0.0,0.0,0,0,0,0,0.0,0,0,1.0,0.0,0,0,0,0,nan,0.0,0.0,19,2019-11-21 14:20:47
Willen Lake,0,0,0.0,0.0,0.0,0.0,0.0,0,0,(0),0,nan,nan,0,0.0,0.0,0,nan,0,0,nan,0.0,0.0,19,2019-11-21 14:20:47
William Girling Reservoir,0,0,10.0,0.0,0.0,0.0,0.0,0,0,0,(0),0.0,0,2,0.0,0.0,0,0,(0),(0),nan,0.0,0.0,19,2019-11-21 14:20:47
Willington,0,0,0.0,0.0,0.0,0.0,nan,nan,nan,0,0,0.0,0,0,0.0,0.0,0,0,0,0,nan,0.0,0.0,19,2019-11-21 14:20:47
Willington Gravel Pits,(0),(0),nan,0.0,0.0,0.0,0.0,0,0,0,0,0.0,(0),(0),0.0,0.0,0,0,0,0,nan,0.0,0.0,19,2019-11-21 14:20:47
Wimbleball Lake,0,0,nan,0.0,0.0,0.0,0.0,0,0,0,0,0.0,0,0,0.0,0.0,0,0,0,0,nan,0.0,0.0,19,2019-11-21 14:20:47
Winterfield to Barns Ness,0,0,0.0,0.0,0.0,0.0,0.0,0,0,0,0,0.0,0,7,0.0,0.0,(1),0,0,0,nan,0.0,0.0,19,2019-11-21 14:20:47
Witchett Pool,nan,nan,nan,nan,nan,nan,nan,0,0,0,0,0.0,0,nan,0.0,0.0,0,0,0,nan,nan,0.0,0.0,19,2019-11-21 14:20:47
Woolston Eyes,(0),(0),0.0,0.0,0.0,0.0,0.0,0,(0),0,0,0.0,0,0,0.0,0.0,0,0,0,0,nan,0.0,0.0,19,2019-11-21 14:20:47
Wotton Underwood Lakes,0,0,0.0,0.0,0.0,0.0,1.0,2,0,0,0,0.0,0,0,0.0,0.0,0,nan,0,0,nan,0.0,0.0,19,2019-11-21 14:20:47
Wraysbury Gravel Pits,0,0,0.0,0.0,0.0,0.0,0.0,0,0,0,0,0.0,0,0,0.0,0.0,0,(0),0,0,nan,0.0,0.0,19,2019-11-21 14:20:47
Wraysbury Reservoir,0,0,0.0,0.0,0.0,0.0,0.0,nan,nan,nan,nan,nan,0,0,0.0,0.0,1,0,0,0,nan,0.0,0.0,19,2019-11-21 14:20:47
Wynyard Lake,0,0,0.0,0.0,0.0,0.0,0.0,1,0,0,0,0.0,0,0,0.0,0.0,0,0,0,0,nan,0.0,0.0,19,2019-11-21 14:20:47
Yealm Estuary,0,0,0.0,0.0,0.0,0.0,0.0,0,0,0,0,0.0,0,0,0.0,0.0,0,1,0,0,nan,0.0,0.0,19,2019-11-21 14:20:47
Aber Dwyfor,nan,nan,nan,nan,nan,nan,nan,nan,nan,nan,nan,nan,nan,nan,nan,nan,nan,nan,nan,nan,nan,nan,nan,19,2019-11-21 14:20:47
Aberaeron Harbour and Beach,0,0,0.0,0.0,0.0,0.0,0.0,0,12,0,0,0.0,nan,nan,nan,nan,nan,nan,nan,nan,nan,nan,nan,19,2019-11-21 14:20:47
Afon Wen Pools,nan,nan,nan,nan,nan,nan,nan,nan,nan,nan,nan,nan,nan,nan,nan,nan,nan,nan,nan,nan,nan,nan,nan,19,2019-11-21 14:20:47
Allington Gravel Pit,0,0,0.0,0.0,0.0,0.0,0.0,0,0,0,nan,nan,nan,nan,nan,nan,nan,nan,nan,nan,nan,nan,nan,19,2019-11-21 14:20:47
Ardglass Bay,nan,nan,nan,nan,nan,nan,nan,nan,nan,nan,nan,nan,nan,nan,nan,nan,nan,nan,nan,nan,nan,nan,nan,19,2019-11-21 14:20:47
Ardkenish Peninsular,nan,nan,nan,nan,nan,nan,nan,nan,nan,nan,nan,nan,nan,nan,nan,nan,nan,nan,nan,nan,nan,nan,nan,19,2019-11-21 14:20:47
Ardmore Pool,nan,nan,nan,nan,nan,nan,nan,0,nan,nan,nan,nan,nan,nan,nan,nan,nan,nan,nan,nan,nan,nan,nan,19,2019-11-21 14:20:47
Aros River and Salen Bay,nan,nan,nan,nan,nan,nan,nan,nan,nan,nan,nan,nan,nan,nan,nan,nan,nan,nan,nan,nan,nan,nan,nan,19,2019-11-21 14:20:47
Ash Levels,nan,nan,nan,nan,nan,nan,nan,nan,nan,nan,nan,nan,nan,nan,nan,nan,nan,nan,nan,nan,nan,nan,nan,19,2019-11-21 14:20:47
Axe Estuary to Otter Estuary (Devon),nan,nan,nan,nan,nan,nan,nan,nan,0,11,nan,nan,nan,nan,nan,nan,nan,nan,nan,nan,nan,nan,nan,19,2019-11-21 14:20:47
Barnstaple Sewage Works,nan,nan,nan,nan,nan,nan,nan,nan,nan,nan,nan,nan,nan,nan,nan,nan,nan,nan,nan,nan,nan,nan,nan,19,2019-11-21 14:20:47
Baston and Langtoft Gravel Pits,0,(0),0.0,0.0,0.0,0.0,nan,nan,nan,nan,nan,nan,nan,nan,nan,nan,nan,nan,nan,nan,nan,nan,nan,19,2019-11-21 14:20:47
Boyton Marshes,nan,nan,nan,nan,nan,nan,nan,nan,nan,nan,nan,nan,nan,nan,nan,nan,nan,nan,nan,nan,nan,nan,nan,19,2019-11-21 14:20:47
Bracklesham,nan,nan,nan,nan,nan,nan,nan,450WWT Dark-bellied Brent supplementary countsWWT,nan,nan,nan,nan,nan,nan,nan,nan,nan,nan,nan,nan,nan,nan,nan,19,2019-11-21 14:20:47
Budworth Mere (Marbury Country Park),nan,nan,nan,nan,nan,nan,nan,nan,nan,0,nan,nan,nan,nan,nan,nan,nan,nan,nan,nan,nan,nan,nan,19,2019-11-21 14:20:47
Ceann a Bhaigh,nan,nan,nan,nan,nan,nan,nan,nan,1,nan,22,nan,nan,nan,nan,nan,nan,nan,nan,nan,nan,nan,nan,19,2019-11-21 14:20:47
Chigwell Row Reservoir,nan,nan,nan,nan,nan,nan,nan,nan,nan,nan,nan,nan,nan,nan,nan,nan,nan,nan,nan,nan,nan,nan,nan,20,2019-11-21 14:20:53
Claire Mare and L'Eree,nan,nan,nan,nan,nan,nan,nan,nan,nan,nan,3,nan,nan,nan,nan,nan,nan,nan,nan,nan,nan,nan,nan,20,2019-11-21 14:20:53
Clegg Hall Pools,(0),0.0,nan,nan,nan,nan,0,0,0,nan,1,nan,nan,0,0,nan,nan,nan,nan,nan,nan,nan,nan,20,2019-11-21 14:20:53
Coney Island Bay,nan,nan,nan,nan,13,0.0,0,1,11,nan,nan,nan,nan,nan,nan,nan,nan,nan,nan,nan,nan,nan,nan,20,2019-11-21 14:20:53
Craster to Howick,nan,nan,nan,nan,nan,nan,nan,nan,nan,nan,nan,nan,nan,nan,nan,nan,nan,nan,nan,nan,nan,nan,nan,20,2019-11-21 14:20:53
Cresswell and Linton Ponds and Sea,nan,nan,nan,nan,nan,nan,nan,nan,nan,nan,nan,nan,nan,nan,nan,nan,nan,nan,nan,nan,nan,nan,nan,20,2019-11-21 14:20:53
Dark Water Lepe,nan,nan,nan,nan,nan,nan,nan,nan,nan,nan,nan,nan,nan,nan,nan,nan,nan,nan,nan,nan,nan,nan,nan,20,2019-11-21 14:20:53
Down Holland and Moss Floods,nan,nan,nan,nan,nan,nan,nan,nan,nan,nan,nan,nan,nan,nan,nan,nan,nan,nan,nan,nan,nan,nan,nan,20,2019-11-21 14:20:53
Drayton Reservoir,0,0.0,0.0,0.0,nan,1.0,0,nan,nan,nan,nan,nan,nan,nan,nan,nan,nan,nan,nan,nan,nan,nan,nan,20,2019-11-21 14:20:53
Dundrum Bay,nan,nan,nan,nan,nan,nan,nan,nan,0Irish Brent Goose Research Group censusnull,nan,nan,nan,nan,nan,nan,nan,nan,nan,nan,nan,nan,nan,nan,20,2019-11-21 14:20:53
Easington Lagoons,nan,nan,nan,nan,nan,nan,nan,nan,nan,nan,nan,nan,nan,nan,nan,nan,nan,nan,nan,nan,nan,nan,nan,20,2019-11-21 14:20:53
East Mainland (Orkney),nan,nan,nan,nan,nan,nan,nan,nan,nan,nan,nan,nan,nan,1Icelandic-breeding Goose CensusWildfowl and Wetlands Trust,nan,nan,nan,nan,nan,nan,nan,nan,nan,20,2019-11-21 14:20:53
Echna Loch,nan,nan,nan,nan,nan,nan,nan,nan,nan,nan,nan,nan,nan,nan,nan,nan,nan,nan,nan,nan,nan,nan,nan,20,2019-11-21 14:20:53
Eden Estuary and St Andrews Bay,nan,nan,nan,nan,nan,nan,nan,nan,nan,nan,nan,nan,nan,nan,nan,nan,nan,nan,nan,nan,nan,nan,nan,20,2019-11-21 14:20:53
Farnham Gravel Pits,nan,nan,nan,nan,nan,0.0,0,nan,nan,nan,nan,nan,nan,nan,nan,nan,nan,nan,nan,nan,nan,nan,nan,20,2019-11-21 14:20:53
Grouville Marsh,(0),0.0,0.0,0.0,0,0.0,0,0,0,nan,0,0.0,nan,nan,nan,nan,nan,nan,nan,nan,nan,nan,nan,20,2019-11-21 14:20:53
Hayling Island,nan,nan,nan,nan,nan,nan,nan,3WWT Dark-bellied Brent supplementary countsWWT,nan,nan,nan,nan,nan,nan,nan,nan,nan,nan,nan,nan,nan,nan,nan,20,2019-11-21 14:20:53
Helford Estuary (Low Tide),nan,nan,nan,nan,nan,nan,nan,nan,nan,nan,nan,nan,nan,nan,2Standard visit under the WeBS Low Tide Count SurveyWeBS,nan,nan,nan,nan,nan,nan,nan,nan,20,2019-11-21 14:20:53
High Batts NR,nan,nan,nan,nan,nan,0.0,(0),nan,nan,nan,nan,nan,nan,nan,nan,nan,nan,nan,nan,nan,nan,nan,nan,20,2019-11-21 14:20:53
Horsey Mere,0,0.0,nan,nan,nan,nan,nan,nan,nan,nan,nan,nan,nan,nan,nan,nan,nan,nan,nan,nan,nan,nan,nan,20,2019-11-21 14:20:53
Hunterston Sands,0,0.0,nan,nan,0,0.0,0,(2),0,0.0,0,0.0,0.0,0,nan,nan,nan,nan,nan,nan,nan,nan,nan,20,2019-11-21 14:20:53
Irvine and Garnock Estuary,0,0.0,1.0,nan,(0),0.0,(0),0,(0),0.0,(0),0.0,nan,nan,nan,nan,nan,nan,nan,nan,nan,nan,nan,20,2019-11-21 14:20:53
Island of Eday,nan,nan,nan,nan,nan,nan,nan,nan,nan,nan,nan,nan,nan,0Icelandic-breeding Goose CensusWildfowl and Wetlands Trust,nan,nan,nan,nan,nan,nan,nan,nan,nan,20,2019-11-21 14:20:53
Island of Westray,nan,nan,nan,nan,nan,nan,nan,nan,nan,nan,nan,nan,nan,0Icelandic-breeding Goose CensusWildfowl and Wetlands Trust,nan,nan,nan,nan,nan,nan,nan,nan,nan,20,2019-11-21 14:20:53
Islands of Shapinsay,nan,nan,nan,nan,nan,nan,nan,nan,nan,nan,nan,nan,nan,0Icelandic-breeding Goose CensusWildfowl and Wetlands Trust,nan,nan,nan,nan,nan,nan,nan,nan,nan,20,2019-11-21 14:20:53
Isle of Coll,nan,nan,nan,nan,nan,0.0,0,0,nan,nan,0,0.0,nan,nan,nan,nan,nan,nan,nan,nan,nan,nan,nan,20,2019-11-21 14:20:53
Isle of South Ronaldsay,nan,nan,nan,nan,nan,nan,nan,nan,nan,nan,nan,nan,nan,0Icelandic-breeding Goose CensusWildfowl and Wetlands Trust,nan,nan,nan,nan,nan,nan,nan,nan,nan,20,2019-11-21 14:20:53
Isles of Hoy and Walls,nan,nan,nan,nan,nan,nan,nan,nan,nan,nan,nan,nan,nan,0Icelandic-breeding Goose CensusWildfowl and Wetlands Trust,nan,nan,nan,nan,nan,nan,nan,nan,nan,20,2019-11-21 14:20:53
Kidderminster Pools,nan,nan,nan,nan,nan,nan,nan,nan,nan,nan,nan,nan,nan,nan,nan,nan,nan,nan,nan,nan,nan,nan,nan,20,2019-11-21 14:20:53
Killard to Bloody Bridge,nan,nan,nan,nan,nan,nan,nan,nan,nan,nan,nan,nan,nan,nan,nan,nan,nan,nan,nan,nan,nan,nan,nan,20,2019-11-21 14:20:53
Lake Vyrnwy,nan,nan,nan,nan,nan,nan,nan,nan,nan,nan,nan,1.0,nan,nan,nan,nan,nan,nan,nan,nan,nan,nan,nan,21,2019-11-21 14:20:58
Les Mondrins Gravel Pit,0,0.0,(0),0.0,0.0,0,0.0,0.0,0,2.0,0.0,0.0,0,0,nan,nan,nan,nan,nan,nan,nan,nan,nan,21,2019-11-21 14:20:58
Letton Lake,0,0.0,0,0.0,0.0,0,0.0,0.0,nan,nan,0.0,0.0,nan,nan,nan,nan,nan,nan,nan,nan,nan,nan,nan,21,2019-11-21 14:20:58
Liddel Loch,nan,nan,1,nan,nan,nan,nan,nan,nan,nan,nan,nan,nan,nan,nan,nan,nan,nan,nan,nan,nan,nan,nan,21,2019-11-21 14:20:58
Littlebrook Pits and Stone Marsh,nan,nan,nan,nan,nan,nan,nan,nan,nan,nan,nan,nan,nan,nan,nan,nan,nan,nan,nan,nan,nan,nan,nan,21,2019-11-21 14:20:58
Llanon and Llansantffraid,nan,nan,nan,0.0,0.0,nan,nan,nan,nan,nan,nan,nan,nan,nan,nan,nan,nan,nan,nan,nan,nan,nan,nan,21,2019-11-21 14:20:58
Llyn Llygeirian,0,0.0,0,0.0,0.0,0,0.0,0.0,0,0.0,0.0,0.0,0,1,nan,nan,nan,nan,nan,nan,nan,nan,nan,21,2019-11-21 14:20:58
Loch Branahuie (Lewis),0,0.0,0,0.0,nan,nan,0.0,0.0,nan,nan,nan,nan,nan,nan,nan,nan,nan,nan,nan,nan,nan,nan,nan,21,2019-11-21 14:20:58
Loch Ordais and Nearby Lochs (Lewis),nan,nan,nan,nan,nan,nan,nan,nan,nan,nan,nan,nan,nan,nan,nan,nan,nan,nan,nan,nan,nan,nan,nan,21,2019-11-21 14:20:58
Loch Ordais and Port Mhor Bragar,(0),0.0,(0),0.0,nan,nan,0.0,nan,nan,nan,nan,nan,nan,nan,nan,nan,nan,nan,nan,nan,nan,nan,nan,21,2019-11-21 14:20:58
Loch Paible (North Uist),nan,nan,nan,nan,nan,nan,1.0,nan,1,1.0,10.0,nan,nan,nan,nan,nan,nan,nan,nan,nan,nan,nan,nan,21,2019-11-21 14:20:58
Lochs Quien Fad and Dhu (Bute),nan,nan,nan,nan,nan,nan,nan,nan,nan,nan,nan,nan,nan,nan,nan,nan,nan,nan,nan,nan,nan,nan,nan,21,2019-11-21 14:20:58
Long Nanny,nan,nan,nan,nan,nan,nan,nan,nan,nan,nan,nan,nan,64Icelandic-breeding Goose CensusWildfowl and Wetlands Trust,nan,nan,nan,nan,nan,nan,nan,nan,nan,nan,21,2019-11-21 14:20:58
Lothing Lake and Oulton Broad,nan,nan,nan,nan,nan,nan,nan,nan,nan,nan,nan,nan,nan,nan,nan,nan,nan,nan,nan,nan,nan,nan,nan,21,2019-11-21 14:20:58
Lydden Valley,nan,nan,nan,nan,nan,nan,nan,nan,nan,nan,nan,nan,nan,nan,nan,nan,nan,nan,nan,nan,nan,nan,nan,21,2019-11-21 14:20:58
Naccholt Claypit Wye,nan,nan,nan,nan,nan,nan,nan,nan,nan,nan,nan,nan,nan,nan,nan,nan,nan,nan,nan,nan,nan,nan,nan,21,2019-11-21 14:20:58
Ness House Thorpeness Offshore,nan,nan,nan,nan,nan,252unspecified sea-watchnull,nan,nan,nan,nan,nan,nan,nan,nan,nan,nan,nan,nan,nan,nan,nan,nan,nan,21,2019-11-21 14:20:58
Newborough Warren NNR,nan,nan,nan,nan,nan,nan,nan,nan,nan,nan,nan,nan,nan,nan,nan,nan,nan,nan,nan,nan,nan,nan,nan,21,2019-11-21 14:20:58
Newport Bay,nan,nan,nan,nan,nan,nan,nan,nan,nan,nan,nan,nan,nan,nan,nan,nan,nan,nan,nan,nan,nan,nan,nan,21,2019-11-21 14:20:58
North Loch (Sanday),nan,nan,nan,nan,nan,nan,nan,nan,nan,nan,nan,nan,nan,nan,nan,nan,nan,nan,nan,nan,nan,nan,nan,21,2019-11-21 14:20:58
North Point,nan,nan,nan,nan,nan,nan,nan,nan,nan,nan,nan,nan,nan,nan,nan,nan,nan,nan,nan,nan,nan,nan,nan,21,2019-11-21 14:20:58
North Ronaldsay,nan,nan,nan,nan,nan,nan,nan,nan,nan,nan,nan,nan,nan,0Icelandic-breeding Goose CensusWildfowl and Wetlands Trust,nan,nan,nan,nan,nan,nan,nan,nan,nan,21,2019-11-21 14:20:58
North Ronaldsay Lochs,nan,nan,nan,nan,nan,nan,nan,1.0,nan,1.0,nan,nan,1,nan,nan,nan,nan,nan,nan,nan,nan,nan,nan,21,2019-11-21 14:20:58
Northton Saltings (Harris),nan,nan,nan,nan,nan,nan,nan,nan,nan,nan,nan,nan,nan,nan,nan,nan,nan,nan,nan,nan,nan,nan,nan,21,2019-11-21 14:20:58
Ob Breakish,nan,nan,nan,nan,nan,nan,nan,nan,nan,nan,nan,nan,nan,nan,nan,nan,nan,nan,nan,nan,nan,nan,nan,21,2019-11-21 14:20:58
Packington Park,nan,nan,nan,nan,nan,nan,nan,nan,nan,nan,nan,nan,nan,nan,nan,nan,nan,nan,nan,nan,nan,nan,nan,21,2019-11-21 14:20:58
Palmarsh Gravel Pit,1,0.0,15,2.0,0.0,3,0.0,0.0,0,1.0,0.0,nan,nan,nan,nan,nan,nan,nan,nan,nan,nan,nan,nan,21,2019-11-21 14:20:58
Park Farm,nan,nan,nan,nan,nan,nan,nan,nan,0WWT Dark-bellied Brent supplementary countsWWT,nan,nan,nan,nan,nan,nan,nan,nan,nan,nan,nan,nan,nan,nan,21,2019-11-21 14:20:58
R Wensum: Fakenham - Gt Ryburgh (inc Pensthorpe),nan,nan,nan,nan,nan,nan,nan,nan,nan,nan,nan,nan,nan,nan,nan,nan,nan,nan,nan,nan,nan,nan,nan,21,2019-11-21 14:20:58
Reiff Bay and Coast,nan,nan,1,nan,nan,nan,nan,nan,nan,nan,nan,nan,nan,nan,nan,nan,nan,nan,nan,nan,nan,nan,nan,21,2019-11-21 14:20:58
Ripon Parks,nan,nan,nan,nan,nan,nan,nan,nan,nan,nan,nan,nan,nan,nan,nan,nan,nan,nan,nan,nan,nan,nan,nan,22,2019-11-21 14:21:03
River Aire,nan,nan,nan,0,0.0,nan,2.0,nan,nan,nan,nan,nan,nan,nan,nan,nan,nan,nan,nan,nan,nan,nan,nan,22,2019-11-21 14:21:03
River Arun - Amberley (Houghton Bridge) to Arundel,nan,nan,nan,nan,nan,nan,nan,nan,nan,nan,nan,nan,nan,nan,nan,nan,nan,nan,nan,nan,nan,nan,nan,22,2019-11-21 14:21:03
River Cam - Dimmock's Cote to Great Ouse,nan,nan,nan,nan,nan,nan,nan,nan,nan,nan,nan,nan,nan,nan,nan,nan,nan,nan,nan,nan,nan,nan,nan,22,2019-11-21 14:21:03
River Dyfi -above Junction,nan,nan,nan,nan,nan,nan,nan,nan,nan,nan,nan,nan,nan,nan,nan,nan,nan,nan,nan,nan,nan,nan,nan,22,2019-11-21 14:21:03
River Severn - Larford,nan,nan,nan,nan,nan,nan,nan,nan,nan,nan,nan,nan,nan,nan,nan,nan,nan,nan,nan,nan,nan,nan,nan,22,2019-11-21 14:21:03
River Sow - Tillington,nan,nan,nan,nan,nan,nan,nan,nan,nan,nan,nan,nan,nan,nan,nan,nan,nan,nan,nan,nan,nan,nan,nan,22,2019-11-21 14:21:03
River Test - Romsey,0.0,0,0.0,0,0.0,0.0,0.0,0.0,(0),0.0,0.0,nan,nan,nan,nan,nan,nan,nan,nan,nan,nan,nan,nan,22,2019-11-21 14:21:03
River Test - Timsbury Lake and Gravel Pit and Water Meadows,nan,nan,nan,nan,nan,nan,nan,nan,nan,nan,nan,nan,nan,nan,nan,nan,nan,nan,nan,nan,nan,nan,nan,22,2019-11-21 14:21:03
River Tywi - Dryslwyn,nan,nan,nan,nan,nan,nan,nan,nan,nan,nan,nan,nan,nan,nan,nan,nan,nan,nan,nan,nan,nan,nan,nan,22,2019-11-21 14:21:03
River Witham and South Delph: Five Mile House to Short Ferry,0.0,0,0.0,0,nan,nan,nan,nan,nan,nan,nan,nan,nan,0,nan,nan,nan,nan,nan,nan,nan,nan,nan,22,2019-11-21 14:21:03
Scapa Flow Echnaloch Bay,nan,nan,nan,nan,nan,nan,nan,nan,nan,nan,nan,nan,nan,nan,nan,nan,nan,nan,nan,nan,nan,nan,nan,22,2019-11-21 14:21:03
Scarlett Pt to Strandhall,nan,nan,nan,nan,nan,nan,nan,nan,nan,nan,40.0,18.0,nan,nan,nan,nan,nan,nan,nan,nan,nan,nan,nan,22,2019-11-21 14:21:03
Selsey Bill,nan,nan,nan,nan,nan,nan,nan,nan,nan,nan,nan,nan,nan,nan,nan,nan,nan,nan,nan,nan,nan,nan,nan,22,2019-11-21 14:21:03
South Down Coast,nan,nan,nan,nan,nan,nan,nan,nan,nan,nan,nan,nan,nan,nan,nan,nan,nan,nan,nan,nan,nan,nan,nan,22,2019-11-21 14:21:03
South Down Coast - Black Rock to Ringavaddy,nan,nan,nan,nan,nan,nan,nan,nan,10,nan,28.0,nan,nan,nan,nan,nan,nan,nan,nan,nan,nan,nan,nan,22,2019-11-21 14:21:03
South Down Coast - Corely Bay to Black Rock,nan,nan,nan,nan,nan,nan,nan,nan,0,nan,34.0,nan,nan,nan,nan,nan,nan,nan,nan,nan,nan,nan,nan,22,2019-11-21 14:21:03
South Down Coast - Ringavaddy to Rathmullan Point,nan,nan,nan,nan,nan,nan,nan,nan,14,nan,34.0,nan,nan,nan,nan,nan,nan,nan,nan,nan,nan,nan,nan,22,2019-11-21 14:21:03
South Huish Marshes and Milton Ley,nan,nan,nan,nan,nan,nan,nan,nan,nan,nan,nan,nan,nan,nan,nan,nan,nan,nan,nan,nan,nan,nan,nan,22,2019-11-21 14:21:03
Southwest Lancashire,nan,nan,nan,nan,nan,nan,nan,nan,nan,nan,nan,nan,nan,nan,nan,nan,nan,nan,nan,nan,nan,nan,nan,22,2019-11-21 14:21:03
St Davids Pools (excluding Treffeiddan and Dowrog),0.0,nan,0.0,0,0.0,0.0,0.0,0.0,(0),0.0,0.0,0.0,1,(0),0.0,nan,nan,nan,nan,nan,nan,nan,nan,22,2019-11-21 14:21:03
St Peter's Pool,nan,nan,nan,3Supplementary visit under the WeBS Core Count SurveyWeBS,5.0,nan,nan,nan,nan,nan,nan,nan,nan,nan,nan,nan,nan,nan,nan,nan,nan,nan,nan,22,2019-11-21 14:21:03
St. Ouen's Pond,0.0,nan,105.0,15,119.0,69.0,122.0,32.0,93,132.0,15.0,105.0,0,107,nan,nan,nan,nan,nan,nan,nan,nan,nan,22,2019-11-21 14:21:03
Stag Rock Bamburgh (Seahouses to Budle Point),nan,nan,nan,nan,nan,nan,nan,nan,nan,nan,nan,nan,nan,nan,nan,nan,nan,nan,nan,nan,nan,nan,nan,22,2019-11-21 14:21:03
Stambridge Fleet,nan,nan,nan,nan,nan,nan,nan,nan,nan,nan,nan,nan,nan,nan,nan,nan,nan,nan,nan,nan,nan,nan,nan,22,2019-11-21 14:21:03
Stanford Court,nan,nan,nan,nan,nan,nan,nan,nan,nan,nan,nan,nan,nan,nan,nan,nan,nan,nan,nan,nan,nan,nan,nan,22,2019-11-21 14:21:03
Stonebridge Marshes,nan,nan,nan,nan,nan,nan,nan,nan,nan,nan,nan,nan,nan,nan,nan,nan,nan,nan,nan,nan,nan,nan,nan,22,2019-11-21 14:21:03
Stronsay (Orkney),nan,nan,nan,nan,nan,nan,nan,nan,nan,nan,nan,nan,nan,0Icelandic-breeding Goose CensusWildfowl and Wetlands Trust,nan,nan,nan,nan,nan,nan,nan,nan,nan,22,2019-11-21 14:21:03
Swarkestone Gravel Pits,0.0,(0),0.0,0,0.0,0.0,0.0,0.0,nan,nan,nan,nan,nan,nan,nan,nan,nan,nan,nan,nan,nan,nan,nan,22,2019-11-21 14:21:03
Thatcham Marsh Gravel Pits,0.0,0,nan,0,0.0,0.0,0.0,0.0,nan,nan,nan,nan,(0),0,0.0,nan,nan,nan,nan,nan,nan,nan,nan,22,2019-11-21 14:21:03
Thruscross Reservoir,0.0,1.0,0.0,0.0,0.0,0.0,0.0,nan,nan,nan,nan,nan,nan,nan,nan,nan,nan,nan,nan,nan,nan,nan,nan,23,2019-11-21 14:21:09
Tiree,nan,nan,nan,nan,nan,nan,nan,nan,nan,nan,nan,nan,nan,nan,nan,nan,nan,nan,nan,nan,nan,nan,nan,23,2019-11-21 14:21:09
Toddbrook Reservoir,nan,nan,0.0,0.0,1.0,0.0,0.0,0.0,0.0,(0),0.0,0.0,0.0,0,nan,nan,nan,nan,nan,nan,nan,nan,nan,23,2019-11-21 14:21:09
Torbay,nan,nan,nan,nan,nan,nan,nan,nan,nan,nan,nan,nan,1.0,11,nan,nan,nan,nan,nan,nan,nan,nan,nan,23,2019-11-21 14:21:09
Traigh Luskentyre,0.0,0.0,0.0,0.0,nan,nan,0.0,nan,0.0,0,nan,nan,nan,nan,nan,nan,nan,nan,nan,nan,nan,nan,nan,23,2019-11-21 14:21:09
Tyrella,nan,nan,nan,nan,nan,nan,nan,nan,nan,nan,0.0,nan,nan,nan,nan,nan,nan,nan,nan,nan,nan,nan,nan,23,2019-11-21 14:21:09
Warden,nan,nan,nan,nan,nan,nan,nan,nan,nan,nan,nan,nan,nan,nan,nan,nan,nan,nan,nan,nan,nan,nan,nan,23,2019-11-21 14:21:09
West Mainland (Orkney),nan,nan,nan,nan,nan,nan,nan,nan,nan,nan,nan,nan,nan,0Icelandic-breeding Goose CensusWildfowl and Wetlands Trust,nan,nan,nan,nan,nan,nan,nan,nan,nan,23,2019-11-21 14:21:09
Widewall Bay,nan,nan,nan,nan,nan,nan,nan,nan,1.0,nan,nan,nan,nan,nan,nan,nan,nan,nan,nan,nan,nan,nan,nan,23,2019-11-21 14:21:09
Worth Marshes,nan,nan,nan,nan,nan,nan,nan,nan,nan,nan,nan,nan,nan,nan,nan,nan,nan,nan,nan,nan,nan,nan,nan,23,2019-11-21 14:21:09
Wye Floods,nan,nan,nan,nan,nan,nan,nan,nan,nan,nan,nan,nan,nan,nan,nan,nan,nan,nan,nan,nan,nan,nan,nan,23,2019-11-21 14:21:09
END
