Site▲▼,1998▲▼,1999▲▼,2000▲▼,2001▲▼,2002▲▼,2003▲▼,2004▲▼,2005▲▼,2006▲▼,2007▲▼,2008▲▼,2009▲▼,2010▲▼,2011▲▼,2012▲▼,2013▲▼,2014▲▼,2015▲▼,2016▲▼,2017▲▼,Mon,Moving5yr avg▲▼,13/14-17/185yr avg▲▼
Fairburn Ings,3,10,4,0,2,2,0,0,1,1,1,3,2,1,(4),6,7,1,8,0,nan,4,4,1,2019-11-21 13:53:18
North Norfolk Coast,2,7,3,4,4,3,4,5,1,11,1,1,0,3,4,5,2,4,2,5,Jun,4,4,1,2019-11-21 13:53:18
Severn Estuary,3,2,4,4,7,2,1,2,4,1,4,40Supplementary visit under the WeBS Core Count SurveyWeBS,0,1,3,1,6,6,6,2,May,4,4,1,2019-11-21 13:53:18
Severn Estuary (English counties),3,2,0,2,1,1,1,2,1,1,4,0,0,1,3,1,6,6,6,1,Mar,4,4,1,2019-11-21 13:53:18
Stodmarsh,1,7,12,30,5,7,0,2,1,2,0,5,4,3,4,4,9,3,0,4,Mar,4,4,1,2019-11-21 13:53:18
Swillington Ings,0,1,1,0,1,0,0,1,1,1,0,0,0,0,1,1,14,1,0,3,Jul,4,4,1,2019-11-21 13:53:18
Buckden and Stirtloe Pits,1,0,0,0,0,nan,nan,nan,nan,nan,0,0,1,0,1,nan,8,0,(0),0,nan,3,3,1,2019-11-21 13:53:18
Burwell Fen,nan,nan,nan,nan,nan,nan,nan,nan,nan,nan,nan,nan,nan,nan,nan,nan,0,1,7,2,Sep,3,3,1,2019-11-21 13:53:18
Chew Valley Lake,9,3,5,2,1,3,1,4,6,1,1,4,4,4,3,2,5,4,3,3,Aug,3,3,1,2019-11-21 13:53:18
"Combe Haven, Crowhurst",nan,nan,nan,nan,nan,nan,nan,nan,nan,nan,nan,nan,nan,nan,nan,nan,nan,nan,nan,(3),Mar,3,3,1,2019-11-21 13:53:18
Dearne Valley,nan,nan,nan,nan,nan,nan,nan,nan,nan,nan,nan,nan,nan,nan,4,1,4,2,4,4,Aug,3,3,1,2019-11-21 13:53:18
Dungeness and Rye Bay,12,8,8,14,9,(5),4,8,9,9,8,7,2,2,5,3,3,4,1,2,Sep,3,3,1,2019-11-21 13:53:18
Humber Estuary,0,3,0,0,2,2,1,6,1,1,0,0,1,1,0,1,1,2,4,6,Aug,3,3,1,2019-11-21 13:53:18
Ouse Fen and Pits (Hanson/RSPB),0,1Supplementary visit under the WeBS Core Count SurveyWeBS,3,0,nan,0,0,0,3,0,0,2,2,4,1,0,5,6,2,1,Jun,3,3,1,2019-11-21 13:53:18
Tees Estuary,5,11,3,1,1,2,4,2,2,5,6,1,1,4,4,1,5,4,2,1,Aug,3,3,1,2019-11-21 13:53:18
Tophill Low Reservoirs,3,2,1,0,2,1,7Supplementary visit under the WeBS Core Count SurveyWeBS,2,2,11Supplementary visit under the WeBS Core Count SurveyWeBS,0,0,0,0,(2),0,7,2,6,2,Apr,3,3,1,2019-11-21 13:53:18
Abberton Reservoir,0,0,(0),0,(0),1,2,2,(4),(0),0,0,1,0,5,2,5,4,1,0,nan,2,2,1,2019-11-21 13:53:18
Brading Harbour,0,0,0,0,0,2,0,(1),2,1,1,0,1,2,0,1,2,5,1,2,Apr,2,2,1,2019-11-21 13:53:18
Breydon Water and Berney Marshes,6,8,6,4,4,4,8,4,2,4Supplementary visit under the WeBS Core Count SurveyWeBS,2,0,0,2Supplementary visit under the WeBS Core Count SurveyWeBS,3Supplementary visit under the WeBS Core Count SurveyWeBS,0,3Supplementary visit under the WeBS Core Count SurveyWeBS,3Supplementary visit under the WeBS Core Count SurveyWeBS,1,2Supplementary visit under the WeBS Core Count SurveyWeBS,Sep,2,2,1,2019-11-21 13:53:18
Carr Vale Flash and Reserve Pond,0,0,2,nan,nan,nan,0,(0),nan,(0),(0),(0),(0),0,0,nan,1,2,nan,nan,nan,2,2,1,2019-11-21 13:53:18
Castle Lake,nan,nan,nan,nan,nan,nan,nan,3,0,0,0,0,0,0,1,2,7,0,0,0,nan,2,2,1,2019-11-21 13:53:18
Cotswold Water Park (West),(0),0,0,(0),4,(0),1,(0),1,(0),(0),0,0,(0),nan,nan,2,nan,nan,nan,nan,2,2,1,2019-11-21 13:53:18
Dee Estuary (England and Wales),1,2,4,0,3,1,4,0,3,0,4,0,0,2,3,1,2,4,0,1,Aug,2,2,1,2019-11-21 13:53:18
Fleet and Wey,0,0,0,1,1,0,0,1,0,1,0,0,0,2,0,8,0,1,2,1,May,2,2,1,2019-11-21 13:53:18
Forth Estuary,0,2,0,0,4,0,0,0,0,0,0,0,1,1,0,0,4,0,4,0,nan,2,2,1,2019-11-21 13:53:18
Hanningfield Reservoir,0,3,0,0,2,0,0,0,0,nan,2,0,1,2,0,3,1,2,1,1,Jul,2,2,1,2019-11-21 13:53:18
Minsmere,2,0,2,7,1,2,0,3,0,1,2,1,0,0,2,3,4,2,1,0,nan,2,2,1,2019-11-21 13:53:18
Nene Washes,5,7,2,2,0,8,0,4,2,5,0,0,(8),0,2,5Supplementary visit under the WeBS Core Count SurveyWeBS,0,0,4,2,Mar,2,2,1,2019-11-21 13:53:18
Ouse Washes,5,(7),9,3Supplementary visit under the WeBS Core Count SurveyWeBS,7,2,4,10,0,0,2,6,0,3Supplementary roost count under the WeBS Core Count SurveyWeBS,127Supplementary visit under the WeBS Core Count SurveyWeBS,0,0,nan,5,1,Apr,2,2,1,2019-11-21 13:53:18
Potter Reedbed NWTR,nan,nan,nan,nan,nan,nan,nan,nan,nan,nan,nan,nan,nan,nan,nan,nan,nan,0,0,6,Mar,2,2,1,2019-11-21 13:53:18
Rutland Water,3.0,7.0,0,2.0,1.0,0,1.0,1,0,2,2.0,5,1,2.0,5,2,1,2.0,2,1,Sep,2,2,2,2019-11-21 13:53:23
Solway Estuary,1.0,0.0,0,0.0,0.0,3,1.0,0,0,1,3.0,3,1,6.0,1,0,1,0.0,0,7,Mar,2,2,2,2019-11-21 13:53:23
Solway Estuary (Scottish counties),1.0,0.0,0,0.0,0.0,3,0.0,0,(0),1,2.0,0,1,6.0,0,0,1,0.0,0,7,Mar,2,2,2,2019-11-21 13:53:23
The Wash,4.0,1.0,0,1.0,0.0,1,1.0,2,2,1,0.0,4,2,2.0,2,1,2,2.0,1,2,May,2,2,2,2019-11-21 13:53:23
Alvecote Pools,0.0,0.0,0,nan,nan,nan,nan,nan,nan,nan,nan,nan,nan,0.0,0,nan,nan,nan,nan,1,Apr,1,1,2,2019-11-21 13:53:23
Arun Valley,0.0,1.0,0,0.0,2.0,3,1.0,1,0,0,1.0,4,0,0.0,7,(0),3,0.0,0,0,nan,1,1,2,2019-11-21 13:53:23
Aston On Trent Gravel Pits,nan,0.0,0,nan,nan,0,0.0,0,nan,nan,nan,nan,nan,0.0,1Supplementary visit under the WeBS Core Count SurveyWeBS,1,nan,nan,1,1Supplementary visit under the WeBS Core Count SurveyWeBS,Sep,1,1,2,2019-11-21 13:53:23
Baddiley Mere and Reservoir,0.0,0.0,0,nan,nan,nan,nan,nan,nan,0,0.0,0,0,0.0,0,4,0,0.0,0,0,nan,1,1,2,2019-11-21 13:53:23
Barton Pits and Catholme,0.0,1.0,0,0.0,0.0,0,0.0,0,1,0,nan,0,0,0.0,0,2,0,nan,nan,nan,nan,1,1,2,2019-11-21 13:53:23
Belvide Reservoir,1.0,0.0,0,0.0,0.0,2,2.0,2,2,0,1.0,1,1,0.0,0,1,1,2.0,1,2,Jun,1,1,2,2019-11-21 13:53:23
Blackmoorfoot Reservoir,0.0,0.0,0,0.0,0.0,0,0.0,0,0,0,0.0,0,0,0.0,0,3,0,0.0,0,0,nan,1,1,2,2019-11-21 13:53:23
Blackwater Estuary,3.0,1.0,1,0.0,5.0,0,0.0,0,0,5,0.0,1,0,1.0,1,1,2,0.0,2,0,nan,1,1,2,2019-11-21 13:53:23
Cam Washes (Upware),0.0,0.0,(0),0.0,3.0,3,1.0,nan,nan,1,0.0,0,0,0.0,0,4,0,0.0,0,0,nan,1,1,2,2019-11-21 13:53:23
Camel Estuary,0.0,0.0,1,0.0,0.0,0,1.0,3,5,1,1.0,1Supplementary roost count under the WeBS Core Count SurveyWeBS,0,2.0,2,3,0,0.0,1,1,May,1,1,2,2019-11-21 13:53:23
Chalton Sewage Treatment Works,0.0,nan,nan,nan,nan,nan,nan,nan,nan,nan,0.0,0,nan,nan,nan,nan,0,0.0,2Supplementary visit under the WeBS Core Count SurveyWeBS,nan,nan,1,1,2,2019-11-21 13:53:23
Cotswold Water Park,0.0,2.0,0,0.0,4.0,0,1.0,0,1,0,0.0,0,0,0.0,0,0,2,0.0,2,2,Jun,1,1,2,2019-11-21 13:53:23
Crouch-Roach Estuary,3.0,0.0,2,0.0,0.0,0,0.0,0,0,0,0.0,1,0,0.0,1,2Supplementary visit under the WeBS Core Count SurveyWeBS,2,0.0,0,0,nan,1,1,2,2019-11-21 13:53:23
Dee Estuary (English counties),1.0,2.0,3,0.0,3.0,1,4.0,0,3,0,4.0,0,0,2.0,2,0,2,3.0,0,1,Aug,1,1,2,2019-11-21 13:53:23
Eagle Pond (Wanstead),0.0,nan,nan,nan,nan,nan,nan,nan,nan,nan,nan,0,nan,0.0,0,0,0,2.0,0,nan,nan,1,1,2,2019-11-21 13:53:23
Earls Barton Gravel Pits,0.0,5.0,6,0.0,0.0,1,0.0,0,0,0,0.0,1,0,0.0,0,2,1,0.0,0,0,nan,1,1,2,2019-11-21 13:53:23
Ely Beet Factory Settling Ponds,0.0,nan,nan,nan,nan,nan,nan,nan,nan,nan,nan,0,nan,0.0,0,nan,0,2.0,0,nan,nan,1,1,2,2019-11-21 13:53:23
Greenlaw Farm Pool,nan,nan,nan,nan,nan,nan,nan,nan,nan,0,nan,nan,nan,nan,nan,0,3Supplementary visit under the WeBS Core Count SurveyWeBS,0.0,0,1,May,1,1,2,2019-11-21 13:53:23
Hampton and Kempton Reservoirs,0.0,0.0,0,0.0,0.0,(0),0.0,(0),0,(0),0.0,2,(0),0.0,0,0,6,0.0,0,0,nan,1,1,2,2019-11-21 13:53:23
Holland Marshes,0.0,0.0,0,0.0,0.0,0,0.0,0,0,0,0.0,0,1Supplementary visit under the WeBS Core Count SurveyWeBS,0.0,0,0,0,0.0,1Supplementary visit under the WeBS Core Count SurveyWeBS,2Supplementary visit under the WeBS Core Count SurveyWeBS,Apr,1,1,2,2019-11-21 13:53:23
Hornsea Mere,0.0,0.0,0,0.0,0.0,0,2.0,0,0,1,1.0,0,0,3.0,0,nan,2,0.0,1,0,nan,1,1,2,2019-11-21 13:53:23
Houghton Gate Pond,nan,nan,nan,nan,nan,nan,nan,0,0,nan,nan,nan,nan,nan,nan,nan,nan,nan,1,0,nan,1,1,2,2019-11-21 13:53:23
Isleham Marsh,nan,nan,nan,nan,nan,nan,nan,nan,nan,nan,nan,0,0,0.0,0,1,0,2.0,0,1,Sep,1,1,2,2019-11-21 13:53:23
King's Dyke Pits Whittlesey,0.0,0.0,nan,nan,nan,0,0.0,0,0,0,0.0,1,0,0.0,1,0,1,1.0,0,nan,nan,1,1,2,2019-11-21 13:53:23
Kirkby-on-Bain Gravel Pits,0.0,4.0,0,0.0,4.0,0,0.0,1,0,0,0.0,0,1,0.0,0,0,(4),1.0,0,0,nan,1,1,2,2019-11-21 13:53:23
Lee Valley Gravel Pits,3.0,3.0,1,0.0,1.0,2,0.0,0,4Supplementary visit under the WeBS Core Count SurveyWeBS,1,2.0,0,3,1.0,1,1,3,0.0,0,0,nan,1,1,2,2019-11-21 13:53:23
Leighton Moss,5,1,1.0,1.0,1,15,0,0,1,0,0.0,1.0,0.0,2,3,1.0,0.0,1,1,2,Apr,1,1,3,2019-11-21 13:53:28
Loch Gruinart Floods,0,0,0.0,nan,0,0,0,0,0,0,1.0,0.0,0.0,1,0,1.0,1.0,0,2,0,nan,1,1,3,2019-11-21 13:53:28
Loch Leven,0,0,0.0,0.0,1,0,0,0,0,0,0.0,0.0,0.0,0,0,0.0,0.0,4Supplementary visit under the WeBS Core Count SurveyWeBS,1Supplementary visit under the WeBS Core Count SurveyWeBS,0,nan,1,1,3,2019-11-21 13:53:28
Lochwinnoch (Aird and Barr and Castle Semple),0,0,0.0,0.0,0,(0),0,0,0,0,0.0,0.0,0.0,(1),2,1.0,0.0,2,0,0,nan,1,1,3,2019-11-21 13:53:28
London Wetland Centre,0,0,0.0,1.0,0,1,0,1,1,1,2.0,2.0,0.0,1,1,1.0,1.0,0,2,2,Mar,1,1,3,2019-11-21 13:53:28
Longham Lakes,nan,nan,nan,nan,nan,nan,0,0,0,nan,nan,nan,0.0,2,0,0.0,2.0,1,0,4,Sep,1,1,3,2019-11-21 13:53:28
Loughs Neagh and Beg,0,0,0.0,nan,0,0,0,0,6,13,0.0,0.0,0.0,0,0,0.0,0.0,3,0,0,nan,1,1,3,2019-11-21 13:53:28
Lunt Meadows,nan,nan,nan,nan,nan,nan,nan,nan,nan,nan,nan,nan,nan,nan,nan,0.0,0.0,5,2,0,nan,1,1,3,2019-11-21 13:53:28
Maer Lake,0,0,1.0,0.0,0,0,1,0,1,0,0.0,0.0,0.0,0,0,0.0,2.0,0,2,0,nan,1,1,3,2019-11-21 13:53:28
Malltraeth RSPB,0,1,0.0,0.0,0,1,2,1,0,0,0.0,0.0,0.0,0,0,1.0,0.0,2,1,2,May,1,1,3,2019-11-21 13:53:28
Mannez Pond,nan,nan,nan,nan,nan,nan,nan,nan,nan,nan,nan,nan,nan,nan,nan,nan,nan,nan,nan,1,Apr,1,1,3,2019-11-21 13:53:28
Marazion Marsh,1,0,0.0,0.0,0,2,0,0,0,0,0.0,0.0,0.0,0,0,0.0,1.0,2,0,0,nan,1,1,3,2019-11-21 13:53:28
Medmerry RSPB Reserve,nan,nan,nan,nan,nan,nan,nan,nan,nan,nan,nan,nan,nan,nan,nan,nan,0.0,2,0,0,nan,1,1,3,2019-11-21 13:53:28
Mersey Estuary,0,0,0.0,0.0,0,0,0,0,0,0,0.0,0.0,0.0,0,2,0.0,1.0,1,1Supplementary visit under the WeBS Core Count SurveyWeBS,0,nan,1,1,3,2019-11-21 13:53:28
Middle Tame Valley Gravel Pits,0,1,1.0,0.0,2,0,0,0,0,0,0.0,0.0,0.0,0,0,0.0,1.0,1,2,1,Apr,1,1,3,2019-11-21 13:53:28
Morecambe Bay,1,1,5.0,0.0,2,0,1,0,0,2,0.0,0.0,0.0,0,0,0.0,1.0,1,1,4,Aug,1,1,3,2019-11-21 13:53:28
Netherfield Lagoons,0,0,0.0,0.0,nan,0,2,2,1,0,0.0,0.0,0.0,0,0,3.0,1.0,0,0,0,nan,1,1,3,2019-11-21 13:53:28
Nosterfield Gravel Pits,0,0,1.0,0.0,0,0,0,0,0,2,3.0,5.0,0.0,0,2,2.0,2.0,0,1,0,nan,1,1,3,2019-11-21 13:53:28
Pevensey Levels,(0),(0),0.0,0.0,0,0,(0),(0),(0),0,0.0,0.0,0.0,0,0,4.0,2.0,0,0,0,nan,1,1,3,2019-11-21 13:53:28
Pitsford Reservoir,0,2,0.0,2.0,0,1,0,4,7,0,0.0,1.0,1.0,1,0,1.0,0.0,0,1,2,Aug,1,1,3,2019-11-21 13:53:28
Potteric Carr,nan,nan,0.0,nan,0,0,nan,0,0,(0),1.0,1.0,0.0,0,0,2.0,0.0,1,(0),(0),nan,1,1,3,2019-11-21 13:53:28
Pulfin Bog and High Eske Nature Reserve,0,0,0.0,0.0,0,0,0,0,1,nan,0.0,1.0,0.0,2,(0),0.0,0.0,2,(0),0,nan,1,1,3,2019-11-21 13:53:28
Ribble Estuary,0,1,2.0,0.0,1,3,0,1,0,1,1.0,0.0,1.0,1,2,1.0,2.0,2,0,0,nan,1,1,3,2019-11-21 13:53:28
River Cam - Kingfishers Bridge,0,0,0.0,0.0,2Supplementary visit under the WeBS Core Count SurveyWeBS,0,0,1,0,1,0.0,1.0,1.0,1,0,0.0,0.0,2,nan,3Supplementary visit under the WeBS Core Count SurveyWeBS,May,1,1,3,2019-11-21 13:53:28
River Derwent - Calver to Froggatt,nan,nan,nan,nan,nan,nan,nan,nan,nan,nan,nan,nan,0.0,0,4,0.0,4.0,0,0,0,nan,1,1,3,2019-11-21 13:53:28
Sevenoaks Wildfowl Reserve,nan,nan,nan,nan,nan,nan,nan,nan,0,0,0.0,0.0,0.0,0,0,1.0,0.0,1,2,0,nan,1,1,3,2019-11-21 13:53:28
Severn Estuary (Welsh counties),0,0,4.0,2.0,6,1,0,1,3,0,2.0,0.0,0.0,0,1,0.0,1.0,2,0,2,May,1,1,3,2019-11-21 13:53:28
Somerset Levels,0,0,0.0,1.0,0,0,0,0,0,0,0.0,0.0,0.0,0,0,0.0,1.0,0,0,(2),Apr,1,1,3,2019-11-21 13:53:28
Southampton Water,0,0,0.0,0.0,0,2,0,0,0,2,2.0,0.0,1.0,1,0,0.0,0.0,2Supplementary visit under the WeBS Core Count SurveyWeBS,0,2,Mar,1,1,3,2019-11-21 13:53:28
Swale Estuary,3,1,1.0,2.0,0,2,3,0,2,0,1.0,0.0,0.0,0,0,0.0,1.0,0,2,0,nan,1,1,3,2019-11-21 13:53:28
Swallow Pond Wallsend,0.0,nan,nan,0.0,0,0.0,0.0,0.0,(0),0,0,0,0,0,0,0.0,0.0,0.0,3.0,0.0,nan,1,1,4,2019-11-21 13:53:34
Tan-y-Grisiau Reservoirs,nan,nan,nan,nan,0,0.0,0.0,0.0,0,0,0,0,0,0,0,0.0,0.0,3.0,0.0,0.0,nan,1,1,4,2019-11-21 13:53:34
Thames Estuary,2.0,6,9.0,2.0,5,2.0,3.0,2.0,1,1,8,4,4,0,1,2.0,0.0,3.0,1.0,1.0,Mar,1,1,4,2019-11-21 13:53:34
Tring Reservoirs,0.0,1,0.0,0.0,0,0.0,0.0,3.0,1,1,0,1,1,0,0,1.0,0.0,3.0,1.0,2.0,Sep,1,1,4,2019-11-21 13:53:34
WWT Caerlaverock (Inland),1.0,0,0.0,0.0,0,3.0,0.0,0.0,0,0,(2),0,1,6,nan,nan,1.0,nan,nan,nan,nan,1,1,4,2019-11-21 13:53:34
Wellington Gravel Pits,0.0,0,0.0,nan,0,0.0,0.0,nan,nan,0,0,0,0,1,0,3.0,0.0,0.0,nan,0.0,nan,1,1,4,2019-11-21 13:53:34
Wicken Fen,0.0,0,0.0,1.0,0,0.0,0.0,0.0,0,0,0,0,0,0,0,3.0,0.0,nan,0.0,0.0,nan,1,1,4,2019-11-21 13:53:34
A1 Flashes,nan,nan,nan,nan,nan,nan,nan,0.0,1,0,1,0,0,0,0,0.0,0.0,0.0,0.0,0.0,nan,0,0,4,2019-11-21 13:53:34
Abram Flashes,0.0,0,0.0,0.0,0,0.0,0.0,0.0,nan,0,0,nan,nan,(0),0,0.0,1.0,0.0,0.0,0.0,nan,0,0,4,2019-11-21 13:53:34
Alde Estuary,0.0,4,0.0,nan,0,0.0,0.0,0.0,0,0,0,0,0,0,0,0.0,0.0,0.0,0.0,0.0,nan,0,0,4,2019-11-21 13:53:34
Allerton Bywater,0.0,0,0.0,0.0,0,0.0,0.0,0.0,1,1,0,0,0,0,0,0.0,0.0,0.0,0.0,0.0,nan,0,0,4,2019-11-21 13:53:34
Alresford Pond,0.0,0,0.0,0.0,0,0.0,0.0,0.0,0,0,0,0,0,0,0,0.0,0.0,0.0,0.0,0.0,nan,0,0,4,2019-11-21 13:53:34
Alt Estuary,1.0,0,0.0,0.0,0,0.0,0.0,1.0,1,0,0,0,1,0,0,1.0,0.0,0.0,0.0,0.0,nan,0,0,4,2019-11-21 13:53:34
Alton Water,0.0,0,0.0,0.0,0,0.0,0.0,0.0,0,0,0,0,0,0,0,0.0,0.0,0.0,0.0,0.0,nan,0,0,4,2019-11-21 13:53:34
Anderby,nan,nan,nan,nan,nan,nan,nan,nan,nan,nan,nan,nan,nan,nan,0,0.0,0.0,0.0,0.0,1.0,Jul,0,0,4,2019-11-21 13:53:34
Angle Park Loch (Birns Farm Gravel Pit),nan,nan,nan,nan,0,2.0,0.0,0.0,0,0,0,0,1Supplementary visit under the WeBS Core Count SurveyWeBS,0,0,0.0,0.0,0.0,0.0,0.0,nan,0,0,4,2019-11-21 13:53:34
Anglers Country Park Lake,0.0,1,0.0,0.0,1,0.0,0.0,1.0,1,0,0,0,0,0,0,0.0,0.0,0.0,0.0,0.0,nan,0,0,4,2019-11-21 13:53:34
Aqualate Mere,0.0,0,0.0,0.0,0,0.0,0.0,0.0,0,(0),0,0,0,0,0,0.0,1.0,0.0,0.0,0.0,nan,0,0,4,2019-11-21 13:53:34
Arcot Pond,nan,nan,0.0,0.0,0,0.0,0.0,0.0,0,0,0,0,0,0,0,1.0,1.0,0.0,0.0,0.0,nan,0,0,4,2019-11-21 13:53:34
Argal and College Reservoirs,0.0,0,0.0,0.0,0,0.0,1.0,0.0,0,0,0,0,0,1,0,0.0,0.0,0.0,0.0,0.0,nan,0,0,4,2019-11-21 13:53:34
Arlington Reservoir,0.0,0,0.0,0.0,0,0.0,0.0,0.0,0,0,0,0,0,0,0,0.0,0.0,2.0,0.0,0.0,nan,0,0,4,2019-11-21 13:53:34
Arnot Reservoir,0.0,0,0.0,nan,0,0.0,0.0,0.0,2,0,nan,(0),(0),0,0,0.0,0.0,0.0,0.0,0.0,nan,0,0,4,2019-11-21 13:53:34
Asten Valley Filsham,nan,nan,nan,nan,nan,nan,nan,nan,nan,nan,nan,nan,nan,nan,nan,nan,nan,0.0,0.0,nan,nan,0,0,4,2019-11-21 13:53:34
Attenborough Gravel Pits,0.0,(1),0.0,0.0,(0),0.0,0.0,0.0,0,0,0,(0),(0),(0),(0),0.0,0.0,0.0,0.0,nan,nan,0,0,4,2019-11-21 13:53:34
Audley End Park,nan,nan,nan,nan,nan,nan,nan,nan,nan,nan,nan,nan,nan,nan,nan,nan,nan,nan,nan,0.0,nan,0,0,4,2019-11-21 13:53:34
Avon Estuary (Devon),0.0,1,0.0,0.0,0,0.0,0.0,0.0,0,0,0,0,0,0,0,0.0,0.0,0.0,0.0,0.0,nan,0,0,4,2019-11-21 13:53:34
Balbeggie Pond,nan,nan,nan,nan,nan,nan,nan,nan,nan,nan,nan,0,0,0,0,2.0,0.0,0.0,0.0,0.0,nan,0,0,4,2019-11-21 13:53:34
Balranald Nature Reserve,nan,nan,0.0,0.0,(0),0.0,0.0,0.0,0,1,2,0,0,0,0,0.0,0.0,0.0,0.0,0.0,nan,0,0,4,2019-11-21 13:53:34
Balta Sound,nan,nan,0.0,0.0,0,0.0,0.0,0.0,0,0,0,0,0,0,0,0.0,0.0,1.0,0.0,0.0,nan,0,0,4,2019-11-21 13:53:34
Bardney Pit,0.0,0,0.0,0.0,0,0.0,nan,0.0,0,0,0,0,0,0,0,0.0,1.0,0.0,0.0,0.0,nan,0,0,4,2019-11-21 13:53:34
Barmston Ponds,0.0,0.0,0,0,0,0.0,0,0.0,0.0,0,0.0,0.0,0,0,0.0,0.0,0,0,0,0.0,nan,0,0,5,2019-11-21 13:53:39
Baron's Haugh,0.0,0.0,0,0,0,0.0,0,0.0,0.0,0,0.0,0.0,0,0,0.0,0.0,1,0,0,0.0,nan,0,0,5,2019-11-21 13:53:39
Barrow Gurney Reservoir,0.0,0.0,0,0,0,0.0,0,0.0,0.0,0,0.0,0.0,0,0,0.0,0.0,0,0,0,0.0,nan,0,0,5,2019-11-21 13:53:39
Bassenthwaite Lake,0.0,0.0,0,(0),0,3.0,0,0.0,0.0,0,nan,0.0,0,0,0.0,0.0,0,0,0,0.0,nan,0,0,5,2019-11-21 13:53:39
Bawsey Country Park,nan,nan,nan,nan,nan,nan,nan,nan,nan,nan,nan,nan,nan,0,0.0,0.0,0,0,0,0.0,nan,0,0,5,2019-11-21 13:53:39
Beaulieu Estuary,2.0,0.0,1,nan,0,0.0,0,0.0,1.0,0,0.0,0.0,0,0,0.0,0.0,0,0,0,2.0,Apr,0,0,5,2019-11-21 13:53:39
Beckford Nature Reserve,nan,nan,nan,nan,nan,nan,nan,nan,nan,nan,nan,nan,nan,nan,nan,nan,nan,1Supplementary visit under the WeBS Core Count SurveyWeBS,0,0.0,nan,0,0,5,2019-11-21 13:53:39
Beddington Sewage Farm,1.0,0.0,2,0,0,0.0,0,0.0,0.0,1,0.0,0.0,0,0,0.0,0.0,0,1,0,1.0,Jul,0,0,5,2019-11-21 13:53:39
Beesands Ley,0.0,0.0,0,0,0,0.0,0,0.0,0.0,0,1.0,0.0,0,0,0.0,0.0,0,0,0,0.0,nan,0,0,5,2019-11-21 13:53:39
Besthorpe and Girton Gravel Pits and Fleet,0.0,0.0,0,0,0,0.0,0,0.0,0.0,0,0.0,0.0,nan,0,1.0,0.0,0,0,0,0.0,nan,0,0,5,2019-11-21 13:53:39
Bewl Water,0.0,0.0,0,0,0,0.0,0,0.0,1.0,0,0.0,0.0,1,0,0.0,0.0,0,(0),nan,0.0,nan,0,0,5,2019-11-21 13:53:39
Big Waters,nan,nan,nan,0,0,0.0,0,0.0,0.0,0,0.0,0.0,0,0,0.0,0.0,0,0,0,0.0,nan,0,0,5,2019-11-21 13:53:39
Billing Gravel Pits,0.0,nan,nan,nan,nan,nan,0,nan,nan,nan,nan,nan,nan,nan,nan,nan,0,0,0,0.0,nan,0,0,5,2019-11-21 13:53:39
Birnie Loch,0.0,0.0,0,0,0,0.0,0,0.0,0.0,0,0.0,0.0,0,0,0.0,0.0,0,0,0,0.0,nan,0,0,5,2019-11-21 13:53:39
Bittell Reservoirs,0.0,0.0,0,0,0,0.0,0,0.0,1.0,0,0.0,0.0,(0),(0),0.0,0.0,0,0,0,0.0,nan,0,0,5,2019-11-21 13:53:39
Black Devon Wetlands,0.0,0.0,0,0,0,0.0,0,0.0,0.0,0,0.0,0.0,0,2,0.0,0.0,0,0,(0),0.0,nan,0,0,5,2019-11-21 13:53:39
Blackleach Reservoir,0.0,0.0,0,0,0,0.0,0,0.0,0.0,0,0.0,0.0,0,0,0.0,nan,nan,0,0,0.0,nan,0,0,5,2019-11-21 13:53:39
Blagdon Lake,0.0,1.0,0,3,0,2.0,5,1.0,0.0,0,1.0,2.0,0,3Supplementary visit under the WeBS Core Count SurveyWeBS,0.0,1.0,0,0,1,0.0,nan,0,0,5,2019-11-21 13:53:39
Blindwells,nan,nan,nan,nan,nan,nan,nan,nan,nan,nan,0.0,0.0,0,0,0.0,0.0,1Supplementary visit under the WeBS Core Count SurveyWeBS,0,0,0.0,nan,0,0,5,2019-11-21 13:53:39
Blithfield Reservoir,0.0,6.0,(0),0,0,2.0,1,nan,nan,nan,3.0,0.0,0,3,0.0,0.0,1,0,0,0.0,nan,0,0,5,2019-11-21 13:53:39
Blyth Estuary (Northumberland),0.0,0.0,0,0,0,0.0,0,0.0,2.0,0,0.0,0.0,0,0,0.0,0.0,0,0,0,0.0,nan,0,0,5,2019-11-21 13:53:39
Bodenham Gravel Pit,0.0,1.0,0,0,0,0.0,0,0.0,nan,(0),0.0,0.0,0,0,0.0,0.0,0,0,0,0.0,nan,0,0,5,2019-11-21 13:53:39
Bothwell Park Farm Pond,0.0,0.0,0,0,0,0.0,0,0.0,2.0,0,0.0,0.0,0,0,0.0,0.0,0,0,nan,nan,nan,0,0,5,2019-11-21 13:53:39
Bough Beech Reservoir,nan,nan,0,(0),(0),0.0,(0),1.0,0.0,0,0.0,0.0,0,0,nan,0.0,0,0,0,1.0,Apr,0,0,5,2019-11-21 13:53:39
Bow Farm,nan,nan,nan,nan,nan,nan,nan,nan,nan,nan,nan,nan,nan,nan,nan,nan,0,0,1,0.0,nan,0,0,5,2019-11-21 13:53:39
Bowesfield Marsh,nan,nan,nan,nan,nan,nan,nan,nan,nan,nan,nan,nan,0,0,0.0,0.0,0,0,0,0.0,nan,0,0,5,2019-11-21 13:53:39
Bowood Lake,1.0,0.0,0,0,0,0.0,0,0.0,0.0,0,0.0,0.0,0,0,0.0,0.0,0,0,0,0.0,nan,0,0,5,2019-11-21 13:53:39
Brandon Marsh Nature Reserve,0.0,0.0,0,(0),0,0.0,0,0.0,1.0,0,0.0,nan,nan,nan,nan,nan,nan,nan,nan,0.0,nan,0,0,5,2019-11-21 13:53:39
Brasside Ponds,nan,nan,nan,nan,nan,nan,nan,0.0,1.0,0,0.0,0.0,0,0,0.0,0.0,0,0,0,0.0,nan,0,0,5,2019-11-21 13:53:39
Bredon's Hardwick Gravel Pits,nan,nan,0,0,0,0.0,0,0.0,0.0,0,0.0,1.0,0,0,0.0,0.0,0,0,0,1.0,May,0,0,5,2019-11-21 13:53:39
Brent Reservoir,1,0.0,0,0.0,2.0,0.0,0,0.0,0,0,0.0,0.0,0,1,0.0,1,0,0,0.0,0,nan,0,0,6,2019-11-21 13:53:44
Bridgend Farm Pool,nan,nan,nan,nan,0.0,0.0,nan,nan,0,0,0.0,1.0,0,1,0.0,0,0,0,0.0,0,nan,0,0,6,2019-11-21 13:53:44
Broom Gravel Pits,nan,nan,nan,nan,nan,nan,nan,nan,nan,nan,0.0,0.0,0,0,0.0,0,0,1,0.0,(1),Sep,0,0,6,2019-11-21 13:53:44
Burghfield Gravel Pits,0,0.0,0,nan,0.0,0.0,0,0.0,0,0,0.0,0.0,0,0,0.0,0,0,0,0.0,0,nan,0,0,6,2019-11-21 13:53:44
Burleydam Pool,nan,nan,nan,nan,nan,nan,nan,nan,nan,0,0.0,0.0,0,0,0.0,0,0,0,1.0,0,nan,0,0,6,2019-11-21 13:53:44
Burry Inlet,1,2.0,(0),0.0,0.0,0.0,0,0.0,0,1,0.0,0.0,1,0,0.0,0,0,0,0.0,1,Apr,0,0,6,2019-11-21 13:53:44
Caernarfon Bay,nan,nan,nan,nan,nan,nan,nan,nan,nan,nan,nan,0.0,0,nan,nan,nan,nan,nan,0.0,0,nan,0,0,6,2019-11-21 13:53:44
Caistron Quarry,nan,nan,0,0.0,1.0,0.0,0,0.0,0,0,0.0,0.0,0,0,0.0,0,0,(0),0.0,0,nan,0,0,6,2019-11-21 13:53:44
Cameron Reservoir,(0),1.0,0,0.0,0.0,0.0,0,0.0,0,0,0.0,0.0,0,0,0.0,0,0,0,0.0,0,nan,0,0,6,2019-11-21 13:53:44
Cardew Mires Quarry,nan,nan,nan,nan,nan,nan,nan,0.0,(0),0,0.0,0.0,0,0,0.0,1Supplementary visit under the WeBS Core Count SurveyWeBS,0,0,0.0,0,nan,0,0,6,2019-11-21 13:53:44
Carlton Marsh (Barnsley),(0),0.0,1,0.0,0.0,0.0,0,0.0,0,0,0.0,0.0,0,0,0.0,0,0,0,0.0,0,nan,0,0,6,2019-11-21 13:53:44
Carlton and Manby Washlands,0,0.0,0,0.0,0.0,nan,nan,nan,nan,nan,nan,nan,nan,nan,0.0,0,0,0,0.0,0,nan,0,0,6,2019-11-21 13:53:44
Carlton and Oulton Marshes,nan,nan,nan,nan,nan,nan,nan,nan,nan,nan,nan,nan,nan,nan,nan,0,2,0,0.0,0,nan,0,0,6,2019-11-21 13:53:44
Carmarthen Bay,0,0.0,(0),0.0,0.0,0.0,0,0.0,0,0,0.0,0.0,0,0,0.0,0,0,0,0.0,0,nan,0,0,6,2019-11-21 13:53:44
Carsington Water,0,0.0,0,0.0,0.0,0.0,0,0.0,0,0,0.0,0.0,0,0,0.0,1,0,0,1.0,0,nan,0,0,6,2019-11-21 13:53:44
Castle Howard Lake,nan,nan,nan,0.0,0.0,nan,0,0.0,nan,0,0.0,1.0,0,0,0.0,0,0,0,0.0,0,nan,0,0,6,2019-11-21 13:53:44
Castle Island (Ashington),nan,nan,nan,nan,nan,0.0,3,0.0,1,(0),0.0,0.0,0,0,0.0,0,0,0,0.0,0,nan,0,0,6,2019-11-21 13:53:44
Castle Loch Lochmaben,0,0.0,0,0.0,0.0,0.0,0,0.0,0,0,1.0,0.0,0,0,0.0,0,0,0,0.0,0,nan,0,0,6,2019-11-21 13:53:44
Catchpenny Pool,0,1.0,0,nan,0.0,0.0,0,0.0,0,0,0.0,0.0,(0),0,0.0,0,0,0,0.0,0,nan,0,0,6,2019-11-21 13:53:44
Catcliffe Flash,0,0.0,0,0.0,0.0,0.0,0,0.0,0,0,0.0,0.0,0,0,0.0,0,0,0,2.0,0,nan,0,0,6,2019-11-21 13:53:44
Cefni Reservoir,0,0.0,0,0.0,0.0,0.0,0,0.0,0,0,0.0,0.0,nan,nan,nan,0,0,0,0.0,0,nan,0,0,6,2019-11-21 13:53:44
Cemlyn Bay and Lagoon,0,0.0,0,0.0,0.0,0.0,0,0.0,1,0,0.0,0.0,0,0,0.0,0,0,0,0.0,0,nan,0,0,6,2019-11-21 13:53:44
Chard Junction Gravel Pits,nan,nan,nan,nan,nan,nan,nan,nan,nan,nan,nan,nan,nan,nan,nan,nan,0,1Supplementary visit under the WeBS Core Count SurveyWeBS,0.0,0,nan,0,0,6,2019-11-21 13:53:44
Chasewater,0,0.0,0,0.0,0.0,nan,0,0.0,0,0,0.0,0.0,0,0,0.0,0,0,0,0.0,0,nan,0,0,6,2019-11-21 13:53:44
Cheddar Reservoir,0,0.0,0,0.0,0.0,0.0,0,0.0,1,0,0.0,0.0,0,0,0.0,0,0,0,0.0,0,nan,0,0,6,2019-11-21 13:53:44
Chelmarsh Reservoir,nan,nan,0,nan,0.0,0.0,(0),0.0,(0),(0),nan,0.0,0,(0),0.0,0,nan,nan,nan,0,nan,0,0,6,2019-11-21 13:53:44
Chelsea Reservoirs,0,0.0,0,0.0,0.0,0.0,0,0.0,0,0,0.0,0.0,0,0,0.0,0,2,0,0.0,0,nan,0,0,6,2019-11-21 13:53:44
Chichester Gravel Pits,0,0.0,0,0.0,0.0,0.0,0,0.0,0,0,0.0,0.0,0,0,0.0,0,0,0,0.0,0,nan,0,0,6,2019-11-21 13:53:44
Chichester Harbour,0,0.0,0,0.0,0.0,0.0,0,1.0,0,2,1.0,0.0,0,0,0.0,0,0,0,0.0,0,nan,0,0,6,2019-11-21 13:53:44
Christchurch Harbour,nan,0.0,0,0.0,0.0,0.0,1,0.0,2,0,0.0,0.0,0,0,0.0,(0),(0),0,1.0,0,nan,0,0,6,2019-11-21 13:53:44
Church Wilne Reservoir,0,nan,nan,nan,nan,nan,nan,nan,nan,nan,nan,nan,nan,nan,0,0,nan,nan,0,0.0,nan,0,0,7,2019-11-21 13:53:49
Cleddau Estuary,0,0,0,0,0.0,0,0,0,0.0,0.0,0.0,0.0,0,0,0,0,0,0,0,0.0,nan,0,0,7,2019-11-21 13:53:49
Clifford Hill Gravel Pits Consolidated,0,0,0,0,0.0,0,0,0,0.0,0.0,0.0,0.0,0,0,3,0,1,0,0,0.0,nan,0,0,7,2019-11-21 13:53:49
Clifton Pits,nan,nan,nan,nan,nan,nan,nan,nan,nan,nan,nan,nan,1,0,0,0,0,0,0,nan,nan,0,0,7,2019-11-21 13:53:49
Clumber Park Lake,0,0,0,0,0.0,0,0,nan,0.0,0.0,0.0,0.0,(0),0,0,0,0,0,1Supplementary visit under the WeBS Core Count SurveyWeBS,0.0,nan,0,0,7,2019-11-21 13:53:49
Coate Water,0,0,0,nan,0.0,0,nan,nan,0.0,0.0,0.0,0.0,0,0,0,(0),0,0,0,1.0,Sep,0,0,7,2019-11-21 13:53:49
Colliford Lake and Dozmary Pool,0,0,0,0,0.0,0,0,0,0.0,0.0,0.0,0.0,0,0,0,1,0,0,0,0.0,nan,0,0,7,2019-11-21 13:53:49
Collingham Gravel Pits,nan,nan,nan,nan,nan,nan,nan,nan,nan,nan,nan,0.0,0,0,0,0,0,0,0,1.0,Jul,0,0,7,2019-11-21 13:53:49
Colne Estuary,0,0,0,(0),0.0,0,(0),0,0.0,0.0,0.0,0.0,0,4,0,1,0,0,0,0.0,nan,0,0,7,2019-11-21 13:53:49
Colne Fen Gravel Pits,0,1Supplementary visit under the WeBS Core Count SurveyWeBS,0,1Supplementary visit under the WeBS Core Count SurveyWeBS,2.0,0,0,1,2.0,3.0,1.0,0.0,0,1Supplementary visit under the WeBS Core Count SurveyWeBS,2,0,(0),nan,0,0.0,nan,0,0,7,2019-11-21 13:53:49
Colne Valley Gravel Pits,1,0,(0),0,1.0,0,0,0,0.0,1.0,1.0,0.0,0,0,0,0,0,0,0,0.0,nan,0,0,7,2019-11-21 13:53:49
Connaught Water (Epping Forest),0,0,0,0,0.0,0,0,1,0.0,0.0,0.0,0.0,0,0,0,0,0,nan,0,0.0,nan,0,0,7,2019-11-21 13:53:49
Conwy Estuary,0,0,0,nan,0.0,0,0,0,0.0,0.0,0.0,0.0,0,0,0,0,0,0,2,0.0,nan,0,0,7,2019-11-21 13:53:49
Coronation Channel and Welland (Spalding),0,0,0,0,0.0,0,0,0,0.0,0.0,0.0,0.0,0,0,0,0,0,0,0,nan,nan,0,0,7,2019-11-21 13:53:49
Coronation Clay Pit,0,0,0,0,2.0,0,2,nan,nan,nan,nan,nan,nan,nan,nan,nan,nan,nan,nan,0.0,nan,0,0,7,2019-11-21 13:53:49
Cors Caron (Cors Tregaron),(0),0,(0),0,0.0,0,0,0,0.0,0.0,0.0,0.0,0,0,0,0,0,(0),(0),0.0,nan,0,0,7,2019-11-21 13:53:49
Cors Crugyll,1,0,0,0,1.0,2,0,0,1.0,0.0,0.0,0.0,0,0,0,0,0,0,0,1.0,Jun,0,0,7,2019-11-21 13:53:49
Corsham Lake,0,0,(0),0,0.0,0,0,(0),0.0,0.0,0.0,0.0,0,0,(0),0,0,0,0,0.0,nan,0,0,7,2019-11-21 13:53:49
Cosmeston Lakes,0,0,0,0,0.0,0,0,0,0.0,0.0,0.0,0.0,0,0,1Supplementary visit under the WeBS Core Count SurveyWeBS,0,0,0,0,0.0,nan,0,0,7,2019-11-21 13:53:49
Cran Loch and Loch Loy,0,0,0,(0),nan,nan,nan,nan,nan,0.0,0.0,0.0,0,(0),0,nan,0,0,0,0.0,nan,0,0,7,2019-11-21 13:53:49
Cransley Reservoir,0,0,0,0,0.0,0,0,0,0.0,0.0,0.0,0.0,0,0,0,0,nan,nan,nan,nan,nan,0,0,7,2019-11-21 13:53:49
Cranwich Gravel Pits,(0),1,0,nan,0.0,0,nan,nan,nan,nan,0.0,0.0,0,nan,nan,nan,0,0,0,0.0,nan,0,0,7,2019-11-21 13:53:49
Cresswell Pond,nan,nan,1,0,0.0,0,0,0,0.0,0.0,0.0,0.0,0,0,0,0,0,0,0,0.0,nan,0,0,7,2019-11-21 13:53:49
Crompton Lodges,(0),0,0,0,0.0,(4),(0),0,0.0,0.0,0.0,0.0,0,0,0,nan,(0),0,0,0.0,nan,0,0,7,2019-11-21 13:53:49
Crookfoot Reservoir,0,0,0,0,0.0,0,0,0,0.0,1.0,0.0,0.0,0,0,0,0,0,0,0,0.0,nan,0,0,7,2019-11-21 13:53:49
Croxall Pits,0,1,0,0,0.0,0,0,0,0.0,0.0,nan,0.0,0,nan,0,nan,0,0,0,0.0,nan,0,0,7,2019-11-21 13:53:49
Cruden Bay Brickworks,nan,nan,nan,nan,nan,nan,1,0,0.0,nan,0.0,0.0,0,0,0,0,0,0,0,0.0,nan,0,0,7,2019-11-21 13:53:49
Cuckmere Estuary,0,0,0,0,0.0,0,0,0,0.0,0.0,0.0,0.0,0,(0),0,0,0,(0),0,0.0,nan,0,0,7,2019-11-21 13:53:49
Cullerlie Ponds,nan,nan,nan,nan,nan,nan,0,0,2.0,0.0,0.0,0.0,0,0,0,0,0,nan,nan,nan,nan,0,0,7,2019-11-21 13:53:49
Dagenham Chase Gravel Pits,nan,nan,1,0,0.0,0,0,0,nan,nan,nan,nan,nan,nan,nan,nan,nan,0,0,1.0,May,0,0,7,2019-11-21 13:53:49
Darnrigg Moss Pools,nan,nan,nan,nan,nan,nan,nan,nan,nan,nan,nan,nan,nan,0,nan,0,0,0,1,0,nan,0,0,8,2019-11-21 13:53:54
Darwell Reservoir,0.0,0.0,0.0,0,0.0,0.0,0,0.0,0.0,0.0,0,0.0,nan,0,4.0,0,nan,0,0,(0),nan,0,0,8,2019-11-21 13:53:54
Deben Estuary,0.0,0.0,0.0,0,0.0,0.0,0,0.0,0.0,1.0,0,0.0,0.0,0,1.0,0,0,0,0,0,nan,0,0,8,2019-11-21 13:53:54
Dee Estuary (Welsh counties),0.0,1.0,1.0,0,0.0,0.0,0,0.0,0.0,0.0,0,0.0,0.0,0,3.0,1,0,1,0,0,nan,0,0,8,2019-11-21 13:53:54
Deene Lake,1.0,0.0,0.0,0,0.0,0.0,nan,0.0,0.0,0.0,0,0.0,0.0,0,0.0,0,0,(0),(0),0,nan,0,0,8,2019-11-21 13:53:54
Deeping St James,nan,nan,nan,nan,nan,nan,nan,nan,nan,nan,nan,nan,nan,0,0.0,0,1,0,0,0,nan,0,0,8,2019-11-21 13:53:54
Dengie Flats,0.0,0.0,0.0,1,0.0,0.0,0,0.0,0.0,0.0,0,0.0,0.0,0,0.0,(0),0,(0),0,0,nan,0,0,8,2019-11-21 13:53:54
Derek White's Eggs Pits,nan,nan,nan,nan,nan,nan,nan,nan,nan,nan,nan,1.0,1.0,(0),0.0,0,(0),0,0,0,nan,0,0,8,2019-11-21 13:53:54
Dingle Marshes and Walberswick National Nature Reserve,nan,0.0,0.0,0,0.0,0.0,0,0.0,0.0,0.0,0,0.0,0.0,0,0.0,(0),0,0,0,0,nan,0,0,8,2019-11-21 13:53:54
Dinton Pastures,0.0,0.0,0.0,0,0.0,0.0,0,0.0,0.0,0.0,(0),0.0,0.0,0,0.0,0,1,0,0,0,nan,0,0,8,2019-11-21 13:53:54
Ditchford Gravel Pits,0.0,0.0,0.0,2,0.0,0.0,0,0.0,0.0,0.0,0,0.0,0.0,0,0.0,0,0,0,0,0,nan,0,0,8,2019-11-21 13:53:54
Dockacres Gravel Pits,0.0,1.0,0.0,nan,nan,0.0,0,nan,nan,nan,nan,nan,nan,0,0.0,0,0,0,0,0,nan,0,0,8,2019-11-21 13:53:54
Dorchester Gravel Pits,0.0,0.0,0.0,0,0.0,0.0,0,0.0,0.0,0.0,0,0.0,0.0,0,0.0,0,0,0,0,0,nan,0,0,8,2019-11-21 13:53:54
Dornoch Firth,0.0,0.0,0.0,0,0.0,0.0,0,0.0,0.0,0.0,0,0.0,0.0,0,0.0,0,0,0,1,0,nan,0,0,8,2019-11-21 13:53:54
Doxey Marshes SSSI,0.0,0.0,0.0,0,0.0,0.0,1,2.0,1.0,0.0,2,0.0,0.0,0,0.0,0,0,0,0,0,nan,0,0,8,2019-11-21 13:53:54
Drakelow Gravel Pit,0.0,0.0,0.0,0,0.0,0.0,0,0.0,0.0,nan,0,0.0,0.0,0,0.0,0,0,0,0,0,nan,0,0,8,2019-11-21 13:53:54
Draycote Water,0.0,0.0,0.0,0,0.0,0.0,0,0.0,0.0,0.0,2,0.0,0.0,0,0.0,0,nan,nan,0,0,nan,0,0,8,2019-11-21 13:53:54
Drift Reservoir,0.0,0.0,0.0,(0),0.0,0.0,0,2.0,0.0,0.0,(0),nan,0.0,0,0.0,0,1,0,0,0,nan,0,0,8,2019-11-21 13:53:54
Druridge Pool,nan,nan,nan,0,0.0,0.0,0,0.0,0.0,nan,4,2.0,0.0,0,0.0,0,1,1,0,0,nan,0,0,8,2019-11-21 13:53:54
Duddon Estuary,0.0,1.0,2.0,0,0.0,0.0,0,0.0,8.0,0.0,1,2.0,0.0,0,0.0,(0),1,0,0,0,nan,0,0,8,2019-11-21 13:53:54
Durham Coast,0.0,0.0,0.0,nan,0.0,nan,(0),0.0,0.0,0.0,nan,0.0,0.0,0,0.0,0,0,0,0,0,nan,0,0,8,2019-11-21 13:53:54
Durleigh Reservoir,nan,0.0,0.0,0,nan,nan,nan,0.0,nan,nan,nan,nan,nan,0,0.0,0,0,0,0,0,nan,0,0,8,2019-11-21 13:53:54
Dyfi Estuary,0.0,0.0,0.0,0,0.0,0.0,0,0.0,0.0,2.0,0,0.0,0.0,0,0.0,0,0,0,0,0,nan,0,0,8,2019-11-21 13:53:54
Eairy and Kionslieu Dams,nan,nan,nan,nan,nan,nan,nan,0.0,0.0,0.0,0,0.0,1.0,0,0.0,nan,nan,nan,0,0,nan,0,0,8,2019-11-21 13:53:54
Earith Gravel Pits,0.0,0.0,0.0,0,nan,nan,nan,nan,nan,nan,0,0.0,0.0,0,0.0,0,0,nan,nan,nan,nan,0,0,8,2019-11-21 13:53:54
East Chevington Pools,nan,nan,nan,0,1.0,0.0,0,0.0,2.0,0.0,0,0.0,0.0,0,1.0,2,0,0,0,0,nan,0,0,8,2019-11-21 13:53:54
Eden Estuary,0.0,0.0,1.0,(0),0.0,0.0,0,0.0,0.0,0.0,0,0.0,0.0,0,0.0,0,0,0,0,0,nan,0,0,8,2019-11-21 13:53:54
Ellesmere Lakes,0.0,0.0,0.0,0,0.0,0.0,0,0.0,0.0,0.0,0,0.0,0.0,0,0.0,1,0,0,0,0,nan,0,0,8,2019-11-21 13:53:54
Elton Reservoir,0.0,0.0,0.0,0,0.0,0.0,0,0.0,0.0,0.0,0,0.0,0.0,0,0.0,0,nan,0,0,1,Apr,0,0,8,2019-11-21 13:53:54
Erme Estuary,0.0,0.0,0.0,0,0.0,0.0,0,0.0,7.0,0.0,0,0.0,0.0,0,0.0,0,0,0,0,0,nan,0,0,8,2019-11-21 13:53:54
Eversley Cross and Yateley Gravel Pits,0,0,0,0.0,1,0.0,0,0.0,0,0.0,0.0,0.0,0,0,0,0,(0),(0),0,0,nan,0,0,9,2019-11-21 13:54:00
Exe Estuary,0,1,0,0.0,1,0.0,(0),0.0,1,1.0,2.0,0.0,1,1,0,1,1,0,0,0,nan,0,0,9,2019-11-21 13:54:00
Exeter River Valley Park and Matford Marshes,nan,nan,nan,nan,0,0.0,1,0.0,0,nan,0.0,nan,0,0,0,0,(0),(0),0,(0),nan,0,0,9,2019-11-21 13:54:00
Eyebrook Reservoir,0,nan,1,0.0,0,0.0,2,0.0,0,0.0,0.0,2.0,0,1,0,1,0,1,0,0,nan,0,0,9,2019-11-21 13:54:00
Fairlop Gravel Pits,nan,nan,(0),0.0,0,0.0,0,1.0,nan,nan,nan,nan,0,0,0,0,0,2,0,0,nan,0,0,9,2019-11-21 13:54:00
Fal Complex,0,0,(0),0.0,0,0.0,0,0.0,0,0.0,0.0,0.0,1,0,0,0,0,0,0,0,nan,0,0,9,2019-11-21 13:54:00
Farmoor Reservoirs,0,0,0,0.0,0,0.0,1,0.0,0,0.0,0.0,nan,nan,nan,0,(0),0,0,0,0,nan,0,0,9,2019-11-21 13:54:00
Fen Drayton Lakes,10Supplementary visit under the WeBS Core Count SurveyWeBS,3Supplementary visit under the WeBS Core Count SurveyWeBS,2,0.0,0,0.0,0,0.0,0,1.0,5.0,3.0,1,0,2Supplementary visit under the WeBS Core Count SurveyWeBS,1,0,1,0,0,nan,0,0,9,2019-11-21 13:54:00
Filey Dams,1,2,0,0.0,1,2.0,0,0.0,1,0.0,0.0,0.0,0,0,0,(0),0,0,0,0,nan,0,0,9,2019-11-21 13:54:00
Fisherwick and Elford Gravel Pits,0,0,0,0.0,0,0.0,0,0.0,1,0.0,0.0,0.0,0,0,0,0,0,0,0,0,nan,0,0,9,2019-11-21 13:54:00
Fort Henry Ponds and Exton Park Lakes,0,0,0,1.0,1,1.0,0,0.0,1,0.0,0.0,0.0,0,0,0,0,0,0,0,1,Aug,0,0,9,2019-11-21 13:54:00
Foryd Bay,0,1,0,0.0,0,0.0,0,0.0,0,0.0,0.0,0.0,0,0,0,0,0,0,0,0,nan,0,0,9,2019-11-21 13:54:00
Foxcote Reservoir,0,(0),0,0.0,0,0.0,0,0.0,0,0.0,0.0,1.0,0,0,0,0,0,0,0,0,nan,0,0,9,2019-11-21 13:54:00
Frisby Gravel Pits,0,0,0,0.0,0,0.0,0,0.0,0,0.0,0.0,0.0,0,0,0,0,0,0,0,0,nan,0,0,9,2019-11-21 13:54:00
Gadloch,0,0,0,0.0,0,0.0,0,0.0,0,0.0,0.0,0.0,0,0,0,nan,nan,0,0,1,Apr,0,0,9,2019-11-21 13:54:00
Garths Loch Scatness,nan,nan,2,0.0,0,0.0,0,0.0,0,0.0,0.0,0.0,1,0,0,0,0,0,0,0,nan,0,0,9,2019-11-21 13:54:00
Gartloch Pool,0,0,0,0.0,0,0.0,0,0.0,1,0.0,1.0,0.0,0,0,0,0,nan,0,0,0,nan,0,0,9,2019-11-21 13:54:00
Gayhurst Quarries,nan,nan,nan,nan,nan,nan,nan,nan,(0),2.0,nan,nan,nan,nan,nan,nan,nan,nan,0,0,nan,0,0,9,2019-11-21 13:54:00
Gladhouse Reservoir,0,0,0,0.0,(0),0.0,(0),0.0,0,0.0,0.0,0.0,0,0,0,0,0,0,0,0,nan,0,0,9,2019-11-21 13:54:00
Godmanchester Nature Reserve,1Supplementary visit under the WeBS Core Count SurveyWeBS,0,1,0.0,0,2.0,0,0.0,0,0.0,nan,nan,1Supplementary visit under the WeBS Core Count SurveyWeBS,2,0,0,0,0,0,0,nan,0,0,9,2019-11-21 13:54:00
Grafham Water,0,0,0,0.0,0,0.0,0,0.0,0,0.0,0.0,0.0,8,1,0,0,0,0,0,0,nan,0,0,9,2019-11-21 13:54:00
Great Meadow Pond,nan,nan,nan,nan,nan,nan,nan,nan,nan,nan,nan,nan,nan,0,0,0,0,0,0,0,nan,0,0,9,2019-11-21 13:54:00
Great Pool Westwood Park,1,0,0,0.0,0,0.0,0,0.0,0,0.0,0.0,0.0,0,(0),0,0,0,0,0,0,nan,0,0,9,2019-11-21 13:54:00
Grimley New Workings,nan,nan,nan,nan,nan,nan,2,1.0,0,0.0,0.0,0.0,0,0,0,0,0,0,0,0,nan,0,0,9,2019-11-21 13:54:00
Guernsey Shore,(0),0,0,0.0,0,0.0,0,0.0,0,0.0,0.0,0.0,0,0,0,1,0,0,0,0,nan,0,0,9,2019-11-21 13:54:00
Gwen Finch Wetland Reserve,nan,nan,nan,nan,nan,0.0,0,0.0,1,1.0,0.0,1.0,0,0,0,0,0,0,0,0,nan,0,0,9,2019-11-21 13:54:00
Hamford Water,0,0,0,0.0,0,0.0,0,2.0,0,3.0,0.0,0.0,0,0,0,0,0,2,0,0,nan,0,0,9,2019-11-21 13:54:00
Harewood Lake,0,0,0,0.0,0,0.0,0,0.0,0,0.0,0.0,0.0,0,1,1,0,0,0,0,0,nan,0,0,9,2019-11-21 13:54:00
Haughton Strother GP,nan,nan,nan,nan,nan,nan,nan,nan,nan,nan,0.0,1.0,0,0,0,nan,0,0,0,0,nan,0,0,9,2019-11-21 13:54:00
Hauxley Nature Reserve,nan,nan,nan,0.0,0,0.0,0,0.0,0,1.0,0.0,0.0,0,0,0,0,0,1,0,0,nan,0,0,9,2019-11-21 13:54:00
Hayle Estuary,0,0,0,0.0,(0),0,0.0,0,(0),0.0,2.0,1.0,0.0,0.0,0.0,0.0,0.0,1.0,0.0,0,nan,0,0,10,2019-11-21 13:54:05
Helford Estuary,0,(0),(0),0.0,0,0,0.0,0,0,0.0,0.0,nan,0.0,0.0,0.0,0.0,2.0,0.0,0.0,0,nan,0,0,10,2019-11-21 13:54:05
Hellifield,0,0,0,0.0,0,0,nan,nan,nan,0.0,0.0,0.0,0.0,0.0,1.0,0.0,0.0,0.0,0.0,0,nan,0,0,10,2019-11-21 13:54:05
Hetton Lyons Park,1,0,0,nan,1,0,0.0,1,0,0.0,0.0,0.0,0.0,0.0,0.0,0.0,0.0,1.0,0.0,0,nan,0,0,10,2019-11-21 13:54:05
Hickling Broad,0,0,0,0.0,0,(0),0.0,0,0,0.0,0.0,0.0,0.0,0.0,0.0,0.0,0.0,0.0,0.0,0,nan,0,0,10,2019-11-21 13:54:05
Hilfield Park Reservoir,0,0,0,0.0,0,0,0.0,0,0,0.0,0.0,0.0,0.0,0.0,0.0,0.0,0.0,0.0,0.0,(0),nan,0,0,10,2019-11-21 13:54:05
"Hoar Gut, Avonmouth",nan,nan,nan,nan,nan,nan,nan,nan,nan,nan,nan,nan,nan,nan,0.0,0.0,0.0,0.0,0.0,0,nan,0,0,10,2019-11-21 13:54:05
Holburn Moss,0,0,0,0.0,0,0,0.0,0,nan,nan,nan,nan,nan,nan,nan,nan,nan,nan,0.0,0,nan,0,0,10,2019-11-21 13:54:05
Hollowell Reservoir,0,0,0,0.0,0,0,0.0,0,0,0.0,2.0,0.0,0.0,0.0,0.0,0.0,0.0,1.0,0.0,0,nan,0,0,10,2019-11-21 13:54:05
Holme Pierrepont Gravel Pits,0,0,0,nan,nan,nan,1.0,0,0,0.0,0.0,0.0,0.0,0.0,1.0,0.0,0.0,nan,nan,0,nan,0,0,10,2019-11-21 13:54:05
Holmethorpe Complex,0,0,0,nan,nan,(0),0.0,0,nan,0.0,0.0,nan,nan,nan,nan,nan,0.0,0.0,0.0,0,nan,0,0,10,2019-11-21 13:54:05
Holywell Pond,nan,nan,(0),0.0,0,0,0.0,0,0,2.0,0.0,0.0,0.0,0.0,0.0,0.0,0.0,0.0,0.0,0,nan,0,0,10,2019-11-21 13:54:05
Hurworth Burn Reservoir,0,2,0,nan,0,0,nan,0,0,0.0,0.0,0.0,0.0,0.0,0.0,0.0,0.0,0.0,0.0,0,nan,0,0,10,2019-11-21 13:54:05
Ingrebourne Valley,nan,nan,0,0.0,0,2,1.0,0,nan,nan,nan,0.0,0.0,0.0,0.0,0.0,0.0,nan,nan,nan,nan,0,0,10,2019-11-21 13:54:05
Inner Firth of Clyde,0,0,0,0.0,0,0,0.0,0,0,1.0,0.0,0.0,0.0,0.0,0.0,0.0,0.0,0.0,0.0,0,nan,0,0,10,2019-11-21 13:54:05
Island Barn Reservoir,0,0,0,0.0,0,0,0.0,0,nan,2.0,0.0,0.0,0.0,0.0,0.0,0.0,0.0,0.0,0.0,0,nan,0,0,10,2019-11-21 13:54:05
Joe's Ponds and Rainton Meadows,0,0,nan,nan,nan,0,0.0,0,0,0.0,0.0,0.0,2.0,0.0,0.0,0.0,0.0,1.0,0.0,0,nan,0,0,10,2019-11-21 13:54:05
"Jubilee Lake, Eastbourne",nan,nan,nan,nan,nan,nan,nan,nan,nan,nan,nan,nan,nan,nan,0.0,0.0,nan,nan,nan,nan,nan,0,0,10,2019-11-21 13:54:05
Kempston Bypass Pools,0,0,0,0.0,0,0,nan,nan,nan,nan,nan,1.0,nan,nan,0.0,nan,nan,0.0,0.0,0,nan,0,0,10,2019-11-21 13:54:05
Kenfig Pool,0,0,1,0.0,0,0,0.0,0,0,0.0,0.0,0.0,0.0,0.0,0.0,0.0,0.0,0.0,0.0,1,Aug,0,0,10,2019-11-21 13:54:05
Kilconquhar Loch,0,0,1,1.0,0,0,0.0,0,0,0.0,0.0,0.0,0.0,0.0,0.0,0.0,0.0,0.0,0.0,0,nan,0,0,10,2019-11-21 13:54:05
King George V Reservoirs,0,0,0,0.0,0,0,0.0,(0),0,0.0,0.0,0.0,0.0,0.0,0.0,0.0,0.0,0.0,0.0,0,nan,0,0,10,2019-11-21 13:54:05
King George VI Reservoir,0,0,0,0.0,0,2,0.0,1,0,0.0,0.0,0.0,0.0,0.0,0.0,0.0,0.0,2.0,0.0,0,nan,0,0,10,2019-11-21 13:54:05
King's Meads,1,0,(0),nan,1,1,1.0,0,0,0.0,0.0,0.0,0.0,0.0,0.0,0.0,1.0,0.0,nan,nan,nan,0,0,10,2019-11-21 13:54:05
Kingsmill Reservoir,nan,nan,nan,nan,nan,nan,nan,nan,0,0.0,0.0,1.0,nan,nan,nan,nan,nan,0.0,0.0,0,nan,0,0,10,2019-11-21 13:54:05
Knight and Bessborough Reservoirs,0,0,0,0.0,0,0,0.0,0,0,0.0,0.0,0.0,0.0,1.0,0.0,0.0,0.0,0.0,0.0,0,nan,0,0,10,2019-11-21 13:54:05
LNER Ballast Pits Lincoln,0,(0),0,0.0,1,0,1.0,0,nan,nan,nan,nan,0.0,0.0,0.0,0.0,0.0,0.0,0.0,0,nan,0,0,10,2019-11-21 13:54:05
Lackford Lakes Nature Reserve,nan,nan,nan,0.0,0,0,0.0,0,0,0.0,0.0,0.0,1.0,0.0,0.0,0.0,0.0,0.0,0.0,0,nan,0,0,10,2019-11-21 13:54:05
Lakenheath Fen,(3),nan,nan,nan,0,0,0.0,0,0,0.0,0.0,0.0,0.0,0.0,0.0,0.0,0.0,0.0,0.0,2,Mar,0,0,10,2019-11-21 13:54:05
Lambeth Reservoirs,0,0,0,0.0,0,0,0.0,0,0,2.0,0.0,0.0,1.0,0.0,0.0,0.0,0.0,0.0,0.0,0,nan,0,0,10,2019-11-21 13:54:05
Langstone Harbour,0.0,0.0,2,0,2.0,1,0.0,0.0,1,0.0,1,0.0,0.0,0.0,0,1,0,0,0,0,nan,0,0,11,2019-11-21 13:54:10
Lavan Sands,0.0,0.0,(0),0,0.0,0,0.0,0.0,0,0.0,0,0.0,0.0,0.0,0,0,2Supplementary visit under the WeBS Core Count SurveyWeBS,0,0,0,nan,0,0,11,2019-11-21 13:54:10
Lea Farm Gravel Pit,nan,nan,nan,nan,nan,nan,nan,nan,nan,nan,nan,nan,0.0,0.0,0,0,0,0,0,1,Oct,0,0,11,2019-11-21 13:54:10
Leathes Ham,nan,nan,nan,nan,nan,nan,nan,nan,nan,nan,nan,0.0,2.0,0.0,0,0,0,0,0,nan,nan,0,0,11,2019-11-21 13:54:10
Letham Flood,nan,nan,nan,nan,nan,nan,nan,nan,nan,nan,nan,nan,nan,nan,nan,0,1Supplementary visit under the WeBS Core Count SurveyWeBS,0,0,0,nan,0,0,11,2019-11-21 13:54:10
Leventhorpe Ash Ponds and Flood Meadows,nan,nan,nan,nan,nan,nan,nan,0.0,0,0.0,0,nan,nan,nan,0,0,0,1,0,0,nan,0,0,11,2019-11-21 13:54:10
Lewes Brooks - Northwest,nan,nan,nan,nan,nan,nan,nan,nan,nan,0.0,0,0.0,0.0,0.0,0,0,2,0,0,0,nan,0,0,11,2019-11-21 13:54:10
Leybourne and New Hythe Gravel Pits,nan,nan,nan,nan,0.0,0,nan,nan,0,0.0,nan,nan,nan,0.0,0,0,nan,0,nan,nan,nan,0,0,11,2019-11-21 13:54:10
Lindisfarne,0.0,0.0,0,0,0.0,(0),0.0,0.0,(0),0.0,0,0.0,0.0,0.0,0,0,(0),(0),(0),(0),nan,0,0,11,2019-11-21 13:54:10
Linford Gravel Pits,0.0,0.0,0,1,0.0,0,0.0,0.0,2,0.0,0,0.0,0.0,0.0,0,0,0,0,0,0,nan,0,0,11,2019-11-21 13:54:10
Little Paxton Gravel Pits,0.0,0.0,0,0,2.0,0,0.0,0.0,2,0.0,0,0.0,0.0,0.0,0,0,0,0,(0),0,nan,0,0,11,2019-11-21 13:54:10
Llandegfedd Reservoir,nan,nan,nan,nan,nan,nan,nan,nan,0,0.0,nan,nan,nan,nan,0,0,0,0,0,0,nan,0,0,11,2019-11-21 13:54:10
Llanishen and Lisvane Reservoirs,0.0,0.0,0,0,0.0,0,0.0,0.0,0,0.0,0,0.0,0.0,0.0,0,0,0,1,nan,nan,nan,0,0,11,2019-11-21 13:54:10
Llyn Alaw,0.0,0.0,0,0,0.0,0,0.0,0.0,0,0.0,0,0.0,0.0,nan,nan,0,nan,nan,nan,nan,nan,0,0,11,2019-11-21 13:54:10
Llyn Hafodol,nan,nan,nan,nan,nan,nan,nan,2.0,0,0.0,0,0.0,0.0,0.0,0,0,0,0,0,0,nan,0,0,11,2019-11-21 13:54:10
Llyn Llywenan,nan,0.0,nan,nan,0.0,0,0.0,0.0,nan,nan,nan,nan,nan,0.0,0,0,0,0,0,0,nan,0,0,11,2019-11-21 13:54:10
Llyn Traffwll,0.0,0.0,0,(0),0.0,0,0.0,0.0,0,0.0,0,0.0,0.0,0.0,0,1,0,0,0,0,nan,0,0,11,2019-11-21 13:54:10
Llynnau Y Fali,2.0,2.0,0,1,0.0,0,0.0,0.0,0,0.0,0,0.0,0.0,4.0,0,0,0,0,0,0,nan,0,0,11,2019-11-21 13:54:10
Loch Ardnave,0.0,0.0,0,nan,0.0,0,0.0,1.0,0,0.0,0,0.0,0.0,0.0,0,0,0,0,0,0,nan,0,0,11,2019-11-21 13:54:10
Loch Bee (South Uist),nan,0.0,0,0,0.0,0,0.0,0.0,0,nan,1,nan,0.0,0.0,0,0,0,0,0,0,nan,0,0,11,2019-11-21 13:54:10
Loch Bhasapoll (Tiree),2.0,0.0,0,0,0.0,0,0.0,0.0,0,0.0,0,0.0,0.0,0.0,0,0,0,1,0,0,nan,0,0,11,2019-11-21 13:54:10
Loch Gelly,0.0,nan,0,0,2.0,0,4.0,0.0,1Supplementary visit under the WeBS Core Count SurveyWeBS,0.0,2Supplementary visit under the WeBS Core Count SurveyWeBS,0.0,0.0,0.0,1Supplementary visit under the WeBS Core Count SurveyWeBS,0,0,0,0,0,nan,0,0,11,2019-11-21 13:54:10
Loch Lomond,0.0,0.0,0,(0),0.0,0,0.0,0.0,(0),0.0,0,0.0,0.0,0.0,0,0,0,0,0,0,nan,0,0,11,2019-11-21 13:54:10
Loch Mor (Benbecula),nan,nan,nan,nan,nan,nan,nan,0.0,0,0.0,0,0.0,0.0,0.0,0,1,0,0,0,0,nan,0,0,11,2019-11-21 13:54:10
Loch Ore,0.0,0.0,0,0,0.0,0,0.0,0.0,0,0.0,0,0.0,0.0,0.0,0,0,0,0,0,0,nan,0,0,11,2019-11-21 13:54:10
Loch Riaghain (Tiree),1.0,0.0,0,0,0.0,0,0.0,0.0,0,0.0,0,0.0,0.0,0.0,0,0,0,0,0,0,nan,0,0,11,2019-11-21 13:54:10
Loch Scarmclate,0.0,0.0,0,0,0.0,0,1.0,0.0,0,0.0,0,0.0,0.0,0.0,0,0,(0),0,0,0,nan,0,0,11,2019-11-21 13:54:10
Loch a' Phuill (Tiree),0.0,0.0,0,0,0.0,1,0.0,1.0,0,0.0,0,0.0,0.0,0.0,0,0,0,0,0,0,nan,0,0,11,2019-11-21 13:54:10
Loch of Hillwell,nan,nan,2,0,1.0,0,0.0,0.0,2,0.0,0,0.0,1.0,1.0,0,0,1,1,0,0,nan,0,0,11,2019-11-21 13:54:10
Loch of Skene,0.0,0.0,0,0,0.0,0,0.0,0.0,0,0.0,0,0.0,0.0,0.0,0,0,0,(0),1,0,nan,0,0,11,2019-11-21 13:54:10
Loch of Strathbeg,(2),0,2,0,0,0.0,1,6.0,2,1,5.0,6,0.0,0.0,2.0,0,0.0,2.0,0.0,0,nan,0,0,12,2019-11-21 13:54:15
Loch of Tankerness,0,0,(0),0,0,0.0,0,0.0,0,1,0.0,0,0.0,0.0,0.0,0,0.0,0.0,nan,nan,nan,0,0,12,2019-11-21 13:54:15
Loch of Wester,(0),0,0,0,(0),nan,0,0.0,(0),0,0.0,0,0.0,0.0,0.0,0,1.0,0.0,0.0,0,nan,0,0,12,2019-11-21 13:54:15
Lochhill,nan,nan,nan,nan,nan,nan,nan,0.0,1Supplementary visit under the WeBS Core Count SurveyWeBS,0,0.0,0,nan,nan,0.0,0,nan,nan,nan,nan,nan,0,0,12,2019-11-21 13:54:15
Loe Pool,0,0,0,0,0,0.0,(0),0.0,2,0,0.0,(0),1.0,0.0,0.0,0,0.0,0.0,0.0,0,nan,0,0,12,2019-11-21 13:54:15
Longnewton Reservoir,0,0,0,0,0,0.0,1,0.0,0,0,0.0,0,0.0,0.0,0.0,0,0.0,0.0,0.0,2,Jul,0,0,12,2019-11-21 13:54:15
Lound Waterworks,nan,nan,nan,nan,nan,nan,nan,0.0,0,0,0.0,0,0.0,0.0,0.0,0,0.0,0.0,0.0,2,May,0,0,12,2019-11-21 13:54:15
Lower Derwent Ings,0,0,2,0,0,0.0,4,0.0,0,0,1.0,nan,2.0,0.0,0.0,0,0.0,0.0,0.0,0,nan,0,0,12,2019-11-21 13:54:15
Lower Frome,nan,nan,nan,0,0,nan,nan,nan,nan,nan,nan,nan,nan,0.0,2.0,0,0.0,0.0,0.0,nan,nan,0,0,12,2019-11-21 13:54:15
Lower Windrush Valley Gravel Pits,0,0,0,0,0,1.0,0,0.0,0,0,0.0,0,0.0,0.0,0.0,0,0.0,1.0,0.0,0,nan,0,0,12,2019-11-21 13:54:15
Luton Hoo,nan,nan,nan,nan,nan,nan,nan,nan,nan,nan,nan,0,0.0,0.0,0.0,(0),nan,nan,nan,nan,nan,0,0,12,2019-11-21 13:54:15
Mansands Ley,nan,nan,nan,nan,nan,nan,nan,0.0,0,0,0.0,0,0.0,0.0,0.0,0,1.0,0.0,0.0,0,nan,0,0,12,2019-11-21 13:54:15
Margam Park Ponds,0,0,0,0,0,0.0,0,0.0,0,0,0.0,0,0.0,0.0,0.0,0,0.0,0.0,0.0,0,nan,0,0,12,2019-11-21 13:54:15
Marloes Mere,0,0,(0),0,(0),nan,0,0.0,0,0,0.0,0,0.0,0.0,0.0,0,1.0,0.0,0.0,0,nan,0,0,12,2019-11-21 13:54:15
Marlow Gravel Pits,0,0,0,nan,nan,nan,nan,nan,nan,nan,nan,nan,nan,nan,0.0,0,nan,nan,nan,nan,nan,0,0,12,2019-11-21 13:54:15
Marsh Lane Gravel Pits,0,0,0,0,nan,0.0,nan,0.0,0,0,0.0,0,0.0,0.0,0.0,0,0.0,0.0,0.0,0,nan,0,0,12,2019-11-21 13:54:15
Marsh Lane Nature Reserve,nan,nan,nan,nan,nan,nan,nan,nan,nan,nan,nan,0,1.0,0.0,1.0,0,0.0,0.0,0.0,0,nan,0,0,12,2019-11-21 13:54:15
Marston Vale Country Park,0,0,10,0,0,0.0,0,nan,nan,nan,nan,(0),1.0,0.0,0.0,0,0.0,0.0,0.0,0,nan,0,0,12,2019-11-21 13:54:15
Marton Mere (Blackpool),0,nan,nan,nan,nan,nan,nan,nan,nan,nan,nan,0,1.0,0.0,nan,0,nan,0.0,0.0,(0),nan,0,0,12,2019-11-21 13:54:15
Maxey Pits,0,0,0,0,0,0.0,0,0.0,0,(0),0.0,0,3.0,0.0,0.0,0,2.0,0.0,0.0,0,nan,0,0,12,2019-11-21 13:54:15
Medway Estuary,1,0,0,(0),0,0.0,0,0.0,0,(0),0.0,0,0.0,1.0,0.0,0,0.0,0.0,0.0,0,nan,0,0,12,2019-11-21 13:54:15
Melton Country Park,0,0,0,0,0,0.0,0,0.0,0,0,0.0,0,0.0,0.0,0.0,1,0.0,0.0,0.0,0,nan,0,0,12,2019-11-21 13:54:15
Mere Sands Wood Nature Reserve,0,0,0,0,1,2.0,0,0.0,0,0,2.0,1,0.0,0.0,0.0,0,0.0,0.0,0.0,0,nan,0,0,12,2019-11-21 13:54:15
Merryton Haughs,0,1,0,nan,nan,nan,nan,0.0,1,0,0.0,0,0.0,0.0,nan,nan,nan,0.0,0.0,nan,nan,0,0,12,2019-11-21 13:54:15
Messingham Sand Quarries,nan,nan,nan,nan,nan,1.0,0,0.0,0,nan,nan,0,0.0,0.0,0.0,1,0.0,0.0,0.0,0,nan,0,0,12,2019-11-21 13:54:15
Mickletown Ings,1,0,0,0,0,0.0,0,0.0,0,0,0.0,0,0.0,0.0,0.0,0,0.0,0.0,0.0,1,Aug,0,0,12,2019-11-21 13:54:15
Middle Yare Marshes,0,(0),0,1,0,7.0,0,0.0,0,0,0.0,1,0.0,0.0,0.0,0,0.0,0.0,0.0,0,nan,0,0,12,2019-11-21 13:54:15
Morton Lochs,(0),(0),0,0,0,0.0,0,0.0,0,0,0.0,0,0.0,0.0,0.0,0,0.0,0.0,0.0,0,nan,0,0,12,2019-11-21 13:54:15
Murton Wildlife Reserve,nan,nan,nan,nan,nan,nan,nan,0.0,0,0,0.0,0,0.0,0.0,0.0,(0),1.0,0.0,0.0,0,nan,0,0,12,2019-11-21 13:54:15
Neumann's and Ashton's Flashes,nan,nan,nan,nan,nan,nan,nan,nan,nan,nan,0.0,nan,nan,nan,0.0,0,0.0,0.0,0.0,0,nan,0,0,12,2019-11-21 13:54:15
Newgale Marsh,nan,nan,nan,(0),0.0,0,0,0,nan,0,0.0,0.0,0,0,0,0,0.0,0,0,0,nan,0,0,13,2019-11-21 13:54:20
Newington Quarry,nan,nan,nan,nan,nan,nan,nan,nan,nan,nan,nan,nan,nan,nan,nan,1,0.0,0,1,0,nan,0,0,13,2019-11-21 13:54:20
Newmiller Dam,0,0,0,0,0.0,0,0,0,0.0,0,nan,0.0,nan,0,nan,0,nan,0,0,nan,nan,0,0,13,2019-11-21 13:54:20
Newport Pagnell Gravel Pits,0,0,0,0,0.0,0,0,0,0.0,0,0.0,0.0,0,0,0,0,0.0,0,0,0,nan,0,0,13,2019-11-21 13:54:20
Newton Pool,nan,nan,0,0,0.0,0,0,0,0.0,0,0.0,0.0,0,0,0,0,0.0,0,0,0,nan,0,0,13,2019-11-21 13:54:20
North Hykeham Gravel Pits,0,0,0,nan,0.0,1,0,0,0.0,(0),0.0,0.0,0,0,0,0,0.0,0,0,nan,nan,0,0,13,2019-11-21 13:54:20
North West Solent,0,0,(0),(0),0.0,0,0,1,2.0,3,3.0,0.0,0,0,2,0,0.0,0,0,1,May,0,0,13,2019-11-21 13:54:20
North-east Glamorgan Moorland Pools,0,0,(0),0,nan,nan,nan,nan,nan,nan,nan,nan,nan,nan,0,1,0.0,0,0,nan,nan,0,0,13,2019-11-21 13:54:20
Orwell Estuary,0,0,0,0,0.0,2,0,0,0.0,0,0.0,0.0,0,0,0,0,0.0,1,1,0,nan,0,0,13,2019-11-21 13:54:20
Otmoor,nan,nan,1,0,0.0,0,0,0,0.0,0,0.0,0.0,1Supplementary visit under the WeBS Core Count SurveyWeBS,0,0,0,0.0,0,0,0,nan,0,0,13,2019-11-21 13:54:20
Overcote Marina,nan,nan,5Supplementary visit under the WeBS Core Count SurveyWeBS,nan,nan,nan,nan,nan,nan,nan,nan,nan,0,0,0,0,0.0,nan,nan,nan,nan,0,0,13,2019-11-21 13:54:20
Pagham Harbour,0,0,0,0,2.0,1,3,0,0.0,0,1.0,0.0,0,0,0,0,0.0,0,0,0,nan,0,0,13,2019-11-21 13:54:20
Panshanger Estate,0,0,0,nan,0.0,0,0,0,0.0,0,0.0,0.0,0,0,0,nan,0.0,0,0,0,nan,0,0,13,2019-11-21 13:54:20
Par Sands Pools and St Andrews Road,0,0,1,0,0.0,0,0,0,4.0,0,0.0,0.0,0,0,0,0,0.0,0,nan,nan,nan,0,0,13,2019-11-21 13:54:20
Parc Slip NR North Wetland,nan,nan,nan,0,0.0,0,0,0,0.0,0,0.0,0.0,0,0,0,0,0.0,1Supplementary visit under the WeBS Core Count SurveyWeBS,0,0,nan,0,0,13,2019-11-21 13:54:20
Parc Slip NR excluding North Wetland,nan,nan,nan,nan,nan,nan,nan,nan,nan,nan,nan,0.0,0,0,0,0,0.0,1Supplementary visit under the WeBS Core Count SurveyWeBS,0,0,nan,0,0,13,2019-11-21 13:54:20
Parc Tredelerch - Cardiff,nan,nan,nan,nan,nan,1,0,0,0.0,0,0.0,0.0,0,0,0,0,0.0,0,(0),(0),nan,0,0,13,2019-11-21 13:54:20
Pegwell Bay,0,0,0,0,0.0,0,(0),0,0.0,0,1.0,1.0,1Supplementary visit under the WeBS Core Count SurveyWeBS,2Supplementary visit under the WeBS Core Count SurveyWeBS,2Supplementary visit under the WeBS Core Count SurveyWeBS,1Supplementary visit under the WeBS Core Count SurveyWeBS,0.0,0,1,0,nan,0,0,13,2019-11-21 13:54:20
Pennington Flash,(0),0,0,0,0.0,0,0,0,3.0,0,0.0,0.0,0,0,0,0,0.0,1,0,0,nan,0,0,13,2019-11-21 13:54:20
Plym Estuary,nan,(0),0,nan,0.0,0,0,0,0.0,0,0.0,0.0,0,0,0,0,0.0,0,0,0,nan,0,0,13,2019-11-21 13:54:20
Point of Ayre Gravel Pit,nan,nan,nan,0,0.0,0,0,0,0.0,0,2.0,0.0,0,0,nan,nan,0.0,0,0,0,nan,0,0,13,2019-11-21 13:54:20
Poole Harbour,0,0,0,0,0.0,0,0,0,0.0,0,0.0,0.0,0,0,0,0,1.0,0,0,0,nan,0,0,13,2019-11-21 13:54:20
Port Meadow,0,0,(0),(0),0.0,0,(0),(0),0.0,0,0.0,0.0,0,0,0,0,0.0,0,0,1,Mar,0,0,13,2019-11-21 13:54:20
Porth Reservoir,0,0,0,0,0.0,0,0,0,0.0,0,0.0,0.0,0,0,0,0,nan,0,0,0,nan,0,0,13,2019-11-21 13:54:20
Portsmouth Harbour,0,0,0,0,0.0,(0),(0),0,0.0,0,0.0,0.0,0,0,0,0,0.0,(0),(0),0,nan,0,0,13,2019-11-21 13:54:20
Priory Water and Kirby Lakes,0,0,0,0,0.0,0,(0),0,0.0,0,0.0,0.0,0,0,0,0,0.0,0,0,0,nan,0,0,13,2019-11-21 13:54:20
Pugneys Country Park Lakes,0,0,0,0,0.0,0,0,0,0.0,0,0.0,0.0,0,0,0,0,0.0,0,1,0,nan,0,0,13,2019-11-21 13:54:20
Queen Mary Reservoir,0,0,0,0,0.0,0,0,0,nan,0,0.0,0.0,0,(0),0,0,0.0,0,0,0,nan,0,0,13,2019-11-21 13:54:20
RSPB Langford Lowfields,0,0,0,0,0.0,0,2,1,2.0,0,0.0,0.0,1,0,(0),0,0.0,0,0,(0),nan,0,0,13,2019-11-21 13:54:20
Radwell Lakes,0,0,0,0,0.0,0,0,nan,nan,0,0.0,nan,1,0,2,0,0.0,0,0,0,nan,0,0,13,2019-11-21 13:54:20
Ranworth and Cockshoot Broads,0.0,0,0,0,0,0.0,0.0,0.0,0.0,0,0,0,0,0,0,1.0,0,0.0,0,0.0,nan,0,0,14,2019-11-21 13:54:25
Ravensthorpe Reservoir,0.0,1,0,0,2,0.0,0.0,0.0,0.0,0,0,0,0,0,0,0.0,0,0.0,0,0.0,nan,0,0,14,2019-11-21 13:54:25
Redgrave and Lopham Fen,nan,nan,nan,nan,(0),0.0,nan,nan,nan,nan,nan,nan,nan,nan,nan,1.0,1,0.0,0,0.0,nan,0,0,14,2019-11-21 13:54:25
Ribble Valley at Long Preston,nan,nan,nan,nan,nan,nan,nan,nan,nan,0,0,0,0,0,0,0.0,0,0.0,0,0.0,nan,0,0,14,2019-11-21 13:54:25
River Avon - Fordingbridge to Ringwood,0.0,0,0,0,0,0.0,0.0,1.0,0.0,0,1,0,0,0,0,0.0,0,0.0,0,0.0,nan,0,0,14,2019-11-21 13:54:25
River Avon - Ringwood to Christchurch,0.0,0,(0),(0),0,0.0,0.0,0.0,0.0,0,(0),0,0,0,0,2.0,0,0.0,0,0.0,nan,0,0,14,2019-11-21 13:54:25
River Calder and River Aire Confluence,nan,nan,nan,nan,nan,nan,nan,nan,nan,nan,nan,nan,nan,nan,nan,nan,nan,nan,nan,0.0,nan,0,0,14,2019-11-21 13:54:25
River Lune - Caton to Hornby and Wenning Foot (The Snab),0.0,0,0,nan,1,0.0,nan,0.0,0.0,0,0,0,0,0,0,0.0,0,0.0,(0),0.0,nan,0,0,14,2019-11-21 13:54:25
River Stour - Whitemill to Shapwick,0.0,0,0,0,0,0.0,0.0,0.0,0.0,0,1,0,1,0,1,0.0,0,0.0,0,0.0,nan,0,0,14,2019-11-21 13:54:25
River Thames - Putney to Barnes,0.0,0,(0),0,0,0.0,0.0,0.0,0.0,0,1,0,0,0,0,0.0,0,0.0,0,0.0,nan,0,0,14,2019-11-21 13:54:25
River Witham: Bardney Bridge to Five Mile House,nan,nan,nan,nan,nan,nan,nan,nan,nan,nan,nan,nan,nan,nan,0,0.0,0,1.0,0,0.0,nan,0,0,14,2019-11-21 13:54:25
Roadford Reservoir,0.0,0,nan,0,0,0.0,0.0,2.0,0.0,0,0,0,0,4,1,0.0,0,0.0,0,0.0,nan,0,0,14,2019-11-21 13:54:25
Roath Park Lake,nan,nan,nan,0,0,0.0,0.0,0.0,0.0,0,0,0,0,0,(0),nan,0,0.0,0,1.0,Oct,0,0,14,2019-11-21 13:54:25
Rodley Nature Reserve,nan,nan,0,0,0,1.0,0.0,0.0,0.0,(0),0,0,0,0,0,0.0,0,0.0,0,0.0,nan,0,0,14,2019-11-21 13:54:25
Rossie Bog,nan,nan,nan,nan,nan,nan,nan,nan,nan,0,0,(1),(0),(0),(0),nan,(0),nan,(0),nan,nan,0,0,14,2019-11-21 13:54:25
Roswell Pits,0.0,nan,nan,nan,nan,nan,0.0,0.0,0.0,0,0,0,0,0,nan,nan,0,0.0,0,nan,nan,0,0,14,2019-11-21 13:54:25
Roxton Lake,nan,nan,0,0,0,2.0,0.0,2.0,0.0,0,0,0,0,0,0,2.0,0,0.0,0,0.0,nan,0,0,14,2019-11-21 13:54:25
Ruxley GP,0.0,0,(0),0,0,0.0,0.0,0.0,0.0,0,nan,nan,nan,nan,0,0.0,(0),nan,nan,nan,nan,0,0,14,2019-11-21 13:54:25
Sale Water Park and Broad Ees Dole,0.0,0,0,0,0,0.0,0.0,0.0,0.0,0,0,0,0,0,0,0.0,0,0.0,nan,nan,nan,0,0,14,2019-11-21 13:54:25
Salford Priors Gravel Pits,nan,nan,nan,nan,nan,nan,nan,nan,nan,nan,nan,nan,0,0,0,0.0,0,0.0,1,0.0,nan,0,0,14,2019-11-21 13:54:25
Sambrook Mill Ponds,nan,nan,nan,0,nan,nan,nan,nan,nan,0,0,0,nan,(0),0,0.0,0,0.0,0,1.0,Apr,0,0,14,2019-11-21 13:54:25
Sandbach Flashes,1.0,0,0,0,1,1.0,1.0,1.0,0.0,0,0,0,0,1,0,0.0,0,0.0,0,0.0,nan,0,0,14,2019-11-21 13:54:25
Sandwell Valley Country Park,0.0,0,0,0,0,0.0,0.0,0.0,0.0,0,0,0,0,nan,nan,nan,0,nan,nan,nan,nan,0,0,14,2019-11-21 13:54:25
Saxon Lake,nan,nan,0,0,0,0.0,0.0,0.0,0.0,0,0,0,0,0,0,0.0,0,0.0,0,0.0,nan,0,0,14,2019-11-21 13:54:25
Scaling Dam Reservoir,0.0,(0),nan,nan,(0),0.0,0.0,0.0,0.0,0,0,0,(0),0,0,0.0,0,0.0,0,0.0,nan,0,0,14,2019-11-21 13:54:25
Sea Bank (Huttoft) Clay Pits,0.0,(0),0,nan,nan,0.0,0.0,0.0,nan,nan,nan,nan,nan,0,0,0.0,0,0.0,0,0.0,nan,0,0,14,2019-11-21 13:54:25
Seaton Gravel Pits and River,0.0,nan,0,nan,0,nan,0.0,0.0,0.0,(0),0,1,0,0,0,0.0,(0),0.0,0,0.0,nan,0,0,14,2019-11-21 13:54:25
Seaton and Murton Ponds,0.0,0,0,nan,0,0.0,0.0,0.0,0.0,0,0,0,0,0,0,0.0,2,0.0,0,0.0,nan,0,0,14,2019-11-21 13:54:25
Severn Hams,0.0,0,0,0,(0),0.0,0.0,0.0,1.0,0,2Supplementary visit under the WeBS Core Count SurveyWeBS,0,0,0,0,0.0,0,0.0,0,0.0,nan,0,0,14,2019-11-21 13:54:25
Shavington Park,0.0,0,0,nan,nan,nan,nan,nan,nan,0,0,0,0,0,0,0.0,0,0.0,1,0.0,nan,0,0,14,2019-11-21 13:54:25
Shell Pond (Carrington),(0),(0),0,0,0,0,0,0,0,0,0.0,0,0,0,0,0,0,0,0,0,nan,0,0,15,2019-11-21 13:54:30
Sherborne Lake,0,0,(0),0,0,0,0,0,0,0,0.0,0,0,0,0,0,0,0,0,0,nan,0,0,15,2019-11-21 13:54:30
Shibdon Pond,0,0,2,nan,nan,nan,nan,nan,0,nan,nan,nan,nan,nan,nan,0,0,0,0,2,Apr,0,0,15,2019-11-21 13:54:30
Shobrooke Park Lakes,(0),(0),0,0,0,0,0,0,0,0,0.0,2,0,0,0,0,0,0,0,0,nan,0,0,15,2019-11-21 13:54:30
Silverdale Moss,nan,nan,nan,nan,nan,nan,nan,nan,nan,nan,nan,nan,nan,nan,nan,nan,nan,nan,0,0,nan,0,0,15,2019-11-21 13:54:30
Sinah Gravel Pit,0,0,0,0,0,0,(0),(0),(0),0,0.0,1,0,0,0,0,0,nan,nan,nan,nan,0,0,15,2019-11-21 13:54:30
Skelton Lake,0,0,0,0,0,0,0,0,0,0,0.0,0,0,2,4,0,0,0,0,0,nan,0,0,15,2019-11-21 13:54:30
Slains Lochs (Meikle and Sand and Cotehill),nan,nan,(0),0,0,(0),0,0,(0),0,nan,(0),0,0,0,0,0,1,0,0,nan,0,0,15,2019-11-21 13:54:30
Slapton Ley,0,0,0,0,0,0,0,0,0,0,0.0,0,0,0,0,0,0,0,0,0,nan,0,0,15,2019-11-21 13:54:30
Soddy Gap Pools,nan,nan,nan,nan,nan,nan,0,(0),1,0,0.0,0,(0),(0),(0),(0),(0),(0),(0),(0),nan,0,0,15,2019-11-21 13:54:30
Solway Estuary (English counties),0,0,0,0,0,0,1,0,0,0,1.0,3,0,0,1,0,0,0,0,0,nan,0,0,15,2019-11-21 13:54:30
South Ferriby Pits,nan,nan,nan,nan,nan,nan,nan,nan,nan,nan,nan,nan,nan,nan,0,0,0,1,0,0,nan,0,0,15,2019-11-21 13:54:30
South Huish Marsh,0,0,0,0,0,0,0,0,0,0,0.0,0,0,0,0,0,0,0,0,1,Apr,0,0,15,2019-11-21 13:54:30
South Studdock Pond,0,0,(0),nan,0,0,0,(0),1,0,0.0,nan,nan,0,0,0,0,0,nan,nan,nan,0,0,15,2019-11-21 13:54:30
Southill Lake,0,0,0,nan,0,0,0,0,0,0,0.0,0,0,0,0,0,0,0,0,0,nan,0,0,15,2019-11-21 13:54:30
Spade Oak Gravel Pit (Little Marlow),0,0,0,0,0,0,0,0,0,0,0.0,0,0,0,0,0,2,0,0,0,nan,0,0,15,2019-11-21 13:54:30
St Margaret's Loch,0,0,(0),0,0,0,0,0,0,0,0.0,0,0,0,0,0,0,0,0,0,nan,0,0,15,2019-11-21 13:54:30
St Mary's Island,0,0,0,0,1,0,0,0,nan,0,0.0,0,0,0,0,0,0,0,0,0,nan,0,0,15,2019-11-21 13:54:30
Staines Reservoirs,0,0,0,0,0,0,4,1,0,2,0.0,0,0,0,1,0,0,0,0,0,nan,0,0,15,2019-11-21 13:54:30
Stanford Reservoir,0,0,0,0,0,0,0,0,0,0,0.0,0,0,0,0,0,0,0,(0),0,nan,0,0,15,2019-11-21 13:54:30
Stanley Ferry Flash,0,0,0,0,0,0,0,0,0,nan,nan,nan,nan,nan,nan,nan,nan,0,0,0,nan,0,0,15,2019-11-21 13:54:30
Stanwick Gravel Pits Consolidated,0,(0),nan,(0),(0),0,0,0,nan,nan,nan,(2),(0),0,0,0,0,0,0,0,nan,0,0,15,2019-11-21 13:54:30
Staunton Harold Reservoir,nan,nan,nan,nan,nan,nan,nan,nan,nan,nan,nan,nan,nan,nan,nan,(0),nan,nan,(0),0,nan,0,0,15,2019-11-21 13:54:30
Staveley Gravel Pit,nan,nan,nan,nan,nan,nan,0,0,nan,nan,nan,nan,nan,0,0,0,0,0,0,0,nan,0,0,15,2019-11-21 13:54:30
Stithians Reservoir,0,0,0,0,0,0,0,0,nan,nan,nan,nan,0,0,0,0,0,0,nan,0,nan,0,0,15,2019-11-21 13:54:30
Stoke Water Meadows,0,nan,nan,0,2,0,0,0,nan,nan,nan,nan,nan,0,0,0,0,0,0,0,nan,0,0,15,2019-11-21 13:54:30
Stour Estuary,0,0,0,0,1,0,0,0,2,0,0.0,0,0,0,0,0,0,0,0,0,nan,0,0,15,2019-11-21 13:54:30
Stourhead Lakes,0,0,0,0,0,0,0,0,0,0,0.0,0,0,0,0,0,0,0,0,0,nan,0,0,15,2019-11-21 13:54:30
Stratfield Saye,0,0,0,0,(0),0,0,0,(0),(0),0.0,0,0,0,0,0,0,0,0,0,nan,0,0,15,2019-11-21 13:54:30
Stretton Sugwas Sand Pit,nan,nan,nan,0,0,0,nan,nan,nan,0,0.0,0,0,0,0,0,0,0,1,0,nan,0,0,15,2019-11-21 13:54:30
Strinesdale Reservoirs,0.0,0.0,0.0,0,0.0,0.0,0.0,0.0,2.0,0,0,0.0,0.0,0,0.0,0,0,nan,nan,0,nan,0,0,16,2019-11-21 13:54:36
Sunbiggin Tarn,0.0,1.0,0.0,(0),0.0,0.0,0.0,0.0,1.0,0,0,0.0,0.0,0,0.0,0,0,0,0,0,nan,0,0,16,2019-11-21 13:54:36
Sutton Courtenay Gravel Pits West,nan,nan,nan,nan,nan,nan,nan,nan,nan,nan,nan,nan,0.0,0,0.0,nan,nan,0,0,0,nan,0,0,16,2019-11-21 13:54:36
Sutton and Lound Gravel Pits,0.0,nan,0.0,0,0.0,nan,0.0,nan,0.0,0,2,4.0,1.0,2,0.0,0,0,0,0,0,nan,0,0,16,2019-11-21 13:54:36
Swansea Bay,0.0,0.0,0.0,0,0.0,0.0,0.0,0.0,0.0,0,0,0.0,0.0,0,0.0,0,(0),0,0,0,nan,0,0,16,2019-11-21 13:54:36
Swithland Reservoir,0.0,0.0,1.0,(0),3.0,0.0,0.0,2.0,1.0,0,0,0.0,1.0,0,0.0,0,1,0,1,0,nan,0,0,16,2019-11-21 13:54:36
Tamar Complex,0.0,0.0,0.0,0,0.0,0.0,0.0,0.0,0.0,0,0,0.0,0.0,0,0.0,0,0,0,0,0,nan,0,0,16,2019-11-21 13:54:36
Tamar Lakes,0.0,0.0,0.0,0,0.0,0.0,nan,0.0,0.0,0,0,0.0,0.0,0,0.0,(0),0,0,0,0,nan,0,0,16,2019-11-21 13:54:36
Tatton and Melchett Meres,nan,nan,nan,nan,nan,nan,nan,nan,nan,nan,nan,nan,nan,nan,nan,0,0,0,0,0,nan,0,0,16,2019-11-21 13:54:36
Taw-Torridge Estuary,0.0,0.0,0.0,0,0.0,0.0,0.0,2.0,0.0,0,0,0.0,0.0,1,0.0,0,0,1Supplementary visit under the WeBS Core Count SurveyWeBS,1,0,nan,0,0,16,2019-11-21 13:54:36
Tay Estuary,0.0,0.0,0.0,0,0.0,0.0,0.0,0.0,0.0,0,0,0.0,0.0,0,0.0,0,0,0,1,0,nan,0,0,16,2019-11-21 13:54:36
Testwood Lakes,0.0,0.0,0.0,0,0.0,2.0,0.0,0.0,0.0,0,0,0.0,0.0,0,0.0,1,0,0,0,0,nan,0,0,16,2019-11-21 13:54:36
Thanet Coast,0.0,0.0,0.0,0,0.0,0.0,0.0,0.0,0.0,0,0,0.0,0.0,0,0.0,0,0,0,0,1,Mar,0,0,16,2019-11-21 13:54:36
Theale Gravel Pits,0.0,0.0,0.0,nan,0.0,0.0,0.0,0.0,0.0,(0),0,0.0,0.0,0,0.0,0,0,0,0,0,nan,0,0,16,2019-11-21 13:54:36
Thorpe Water Park,0.0,0.0,0.0,0,0.0,0.0,0.0,0.0,0.0,0,nan,0.0,0.0,0,0.0,0,0,0,0,0,nan,0,0,16,2019-11-21 13:54:36
Thrapston Gravel Pits,1.0,1.0,2.0,1,1.0,0.0,0.0,nan,nan,nan,0,nan,0.0,0,0.0,0,0,0,0,0,nan,0,0,16,2019-11-21 13:54:36
Thrybergh Country Park,0.0,0.0,0.0,0,0.0,0.0,0.0,0.0,0.0,0,0,0.0,0.0,0,0.0,0,nan,nan,nan,nan,nan,0,0,16,2019-11-21 13:54:36
Thurlestone Marsh,0.0,0.0,0.0,(0),0.0,0.0,0.0,0.0,1.0,0,0,0.0,0.0,0,0.0,0,0,0,0,nan,nan,0,0,16,2019-11-21 13:54:36
Tongue End Nature Reserve (Baston Fen),0.0,0.0,0.0,0,0.0,nan,0.0,0.0,0.0,0,nan,nan,nan,0,0.0,0,0,nan,0,0,nan,0,0,16,2019-11-21 13:54:36
Trent Valley Pit,0.0,0.0,0.0,0,0.0,0.0,2.0,0.0,0.0,0,nan,nan,nan,0,0.0,nan,nan,nan,(0),nan,nan,0,0,16,2019-11-21 13:54:36
Tucklesholme Nature Reserve,nan,nan,nan,nan,nan,nan,nan,nan,nan,nan,nan,nan,nan,nan,nan,nan,nan,0,nan,nan,nan,0,0,16,2019-11-21 13:54:36
Twyford Gravel Pits,0.0,1.0,0.0,0,0.0,0.0,0.0,0.0,0.0,0,0,0.0,0.0,0,0.0,0,0,0,0,0,nan,0,0,16,2019-11-21 13:54:36
Ulpha Meadows,nan,nan,nan,nan,nan,nan,nan,nan,nan,nan,0,2.0,0.0,2Supplementary visit under the WeBS Core Count SurveyWeBS,0.0,0,0,0,0,(0),nan,0,0,16,2019-11-21 13:54:36
Upton Warren Local Nature Reserve,1.0,1.0,0.0,0,2.0,0.0,0.0,0.0,0.0,0,0,0.0,0.0,0,0.0,0,0,0,0,0,nan,0,0,16,2019-11-21 13:54:36
Venus Pool and Cound Fishery,0.0,1.0,0.0,0,0.0,0.0,0.0,0.0,0.0,0,0,0.0,0.0,0,0.0,0,0,0,1,0,nan,0,0,16,2019-11-21 13:54:36
WWT Martin Mere,0.0,0.0,0.0,1,0.0,0.0,1.0,1.0,2.0,1,0,0.0,1.0,0,0.0,1,0,0,0,0,nan,0,0,16,2019-11-21 13:54:36
WWT Washington,0.0,0.0,1.0,0,0.0,0.0,0.0,0.0,0.0,0,0,0.0,0.0,0,0.0,0,0,0,0,0,nan,0,0,16,2019-11-21 13:54:36
Walmore Common,0.0,0.0,0.0,0,0.0,0.0,0.0,0.0,0.0,0,(0),0.0,0.0,0,0.0,0,0,0,0,0,nan,0,0,16,2019-11-21 13:54:36
Walthamstow Reservoirs,0.0,0.0,0.0,0,1.0,0.0,0.0,0.0,1.0,0,0,0.0,0.0,0,0.0,0,(0),0,(0),0,nan,0,0,16,2019-11-21 13:54:36
Wanlip North Lakes,0.0,0.0,0.0,nan,nan,nan,nan,nan,nan,0,0,0.0,0.0,0,0.0,0,0,0,0,0,nan,0,0,16,2019-11-21 13:54:36
Watermead Country Park South,0,2,0,0.0,0,0,0.0,0.0,0.0,0,0,0.0,0.0,0.0,0.0,0,0.0,0,1,0,nan,0.0,0.0,17,2019-11-21 13:54:41
Westport Lake,0,0,0,0.0,0,0,0.0,0.0,nan,nan,nan,0.0,0.0,0.0,0.0,0,0.0,0,0,nan,nan,0.0,0.0,17,2019-11-21 13:54:41
Whisby Nature Reserve,0,(0),0,0.0,0,0,0.0,0.0,0.0,0,0,0.0,0.0,1.0,1.0,0,0.0,0,0,nan,nan,0.0,0.0,17,2019-11-21 13:54:41
Whisby and North Hykeham Gravel Pits,0,(0),0,0.0,0,1,0.0,0.0,0.0,0,0,0.0,0.0,1.0,1.0,0,0.0,0,0,0,nan,0.0,0.0,17,2019-11-21 13:54:41
Whittledene Reservoirs,nan,nan,nan,nan,(0),0,0.0,0.0,0.0,0,0,0.0,0.0,0.0,0.0,0,0.0,0,1,0,nan,0.0,0.0,17,2019-11-21 13:54:41
Wigan Flashes,0,0,0,0.0,2,0,1.0,0.0,1.0,0,0,1.0,0.0,0.0,0.0,0,0.0,0,0,0,nan,0.0,0.0,17,2019-11-21 13:54:41
Willen Lake,0,0,0,3.0,0,1,0.0,0.0,0.0,0,0,0.0,nan,nan,0.0,1,0.0,nan,0,0,nan,0.0,0.0,17,2019-11-21 13:54:41
William Girling Reservoir,0,0,0,0.0,1,0,0.0,0.0,nan,0,0,0.0,0.0,1.0,0.0,0,0.0,0,0,(0),nan,0.0,0.0,17,2019-11-21 13:54:41
Willington Gravel Pits,0,(0),(0),0.0,0,0,0.0,0.0,0.0,0,0,0.0,0.0,0.0,0.0,0,0.0,0,0,0,nan,0.0,0.0,17,2019-11-21 13:54:41
"Willowtree Fen, Guthram Gowt",nan,nan,nan,nan,nan,nan,nan,nan,nan,nan,nan,nan,nan,0.0,0.0,1Supplementary visit under the WeBS Core Count SurveyWeBS,0.0,0,0,0,nan,0.0,0.0,17,2019-11-21 13:54:41
Winchester Sewage Treatment Works,0,0,(0),0.0,0,0,0.0,0.0,1.0,0,0,0.0,0.0,0.0,0.0,0,0.0,0,0,0,nan,0.0,0.0,17,2019-11-21 13:54:41
Wintersett and Cold Hiendley Reservoirs,0,0,0,0.0,0,0,0.0,0.0,0.0,0,0,0.0,0.0,0.0,0.0,0,0.0,0,0,0,nan,0.0,0.0,17,2019-11-21 13:54:41
Wistlandpound Reservoir,nan,0,0,0.0,0,0,0.0,1.0,0.0,0,0,0.0,0.0,0.0,0.0,0,0.0,0,0,0,nan,0.0,0.0,17,2019-11-21 13:54:41
Witchett Pool,nan,nan,nan,nan,nan,nan,nan,nan,2.0,0,0,0.0,0.0,0.0,nan,1,0.0,0,0,nan,nan,0.0,0.0,17,2019-11-21 13:54:41
Woburn Park Lakes,(0),2,0,nan,0,(0),0.0,0.0,0.0,0,0,0.0,0.0,0.0,0.0,0,0.0,0,0,0,nan,0.0,0.0,17,2019-11-21 13:54:41
Wollaton Park Lake,0,0,nan,nan,nan,nan,nan,nan,0.0,0,0,0.0,0.0,0.0,0.0,0,0.0,0,nan,nan,nan,0.0,0.0,17,2019-11-21 13:54:41
Woodhorn Flashes,nan,nan,nan,nan,nan,0,0.0,0.0,0.0,0,0,0.0,0.0,0.0,0.0,0,0.0,0,0,0,nan,0.0,0.0,17,2019-11-21 13:54:41
Woolston Eyes,(0),0,0,0.0,0,1,0.0,0.0,0.0,(0),(0),0.0,0.0,0.0,0.0,0,1.0,0,(0),(0),nan,0.0,0.0,17,2019-11-21 13:54:41
Worsborough Reservoir,0,0,nan,nan,nan,nan,nan,nan,nan,nan,nan,nan,nan,nan,nan,0,nan,nan,nan,nan,nan,0.0,0.0,17,2019-11-21 13:54:41
Wraysbury Gravel Pits,3,10,1,0.0,0,12,0.0,0.0,0.0,0,nan,0.0,0.0,0.0,0.0,0,0.0,(0),0,0,nan,0.0,0.0,17,2019-11-21 13:54:41
Wyboston Lakes,nan,nan,nan,0.0,0,9,0.0,0.0,0.0,0,0,0.0,0.0,0.0,0.0,0,0.0,0,0,0,nan,0.0,0.0,17,2019-11-21 13:54:41
Yare Valley - Marlingford to Bawburgh,nan,nan,nan,nan,nan,nan,nan,nan,nan,0,0,0.0,0.0,0.0,1.0,(0),0.0,0,0,0,nan,0.0,0.0,17,2019-11-21 13:54:41
Antingham Pond,nan,nan,nan,nan,nan,nan,nan,nan,nan,nan,nan,nan,nan,nan,nan,nan,nan,nan,nan,nan,nan,nan,nan,17,2019-11-21 13:54:41
Avon Meadows - Twyning and Bredon's Hardwick,nan,nan,nan,nan,nan,nan,nan,nan,nan,nan,nan,nan,nan,nan,nan,nan,nan,nan,nan,nan,nan,nan,nan,17,2019-11-21 13:54:41
Avonmouth Sewage Works,0,0,nan,nan,nan,0,0.0,0.0,0.0,0,0,1.0,nan,nan,nan,nan,nan,nan,nan,nan,nan,nan,nan,17,2019-11-21 13:54:41
Barton Gravel Pits,nan,nan,nan,nan,nan,nan,nan,nan,nan,nan,nan,nan,nan,nan,nan,nan,nan,nan,nan,nan,nan,nan,nan,17,2019-11-21 13:54:41
Baston and Langtoft Gravel Pits,0,0,(0),0.0,0,0,0.0,nan,nan,nan,nan,nan,nan,nan,nan,nan,nan,nan,nan,nan,nan,nan,nan,17,2019-11-21 13:54:41
Bowie Pool,0,2,0,nan,nan,0,0.0,nan,nan,nan,nan,nan,nan,nan,nan,nan,nan,nan,nan,nan,nan,nan,nan,17,2019-11-21 13:54:41
Bradley Pools (Derbyshire),nan,0,0,0.0,0,0,0.0,0.0,0.0,nan,nan,nan,nan,nan,nan,nan,nan,nan,nan,nan,nan,nan,nan,17,2019-11-21 13:54:41
Broadwater Lake (Walton/Weybridge),nan,nan,nan,nan,nan,nan,nan,nan,nan,nan,nan,nan,nan,nan,nan,nan,nan,nan,nan,nan,nan,nan,nan,17,2019-11-21 13:54:41
Broomhill Flash near Wombwell,nan,nan,nan,nan,nan,nan,nan,nan,nan,nan,nan,nan,nan,nan,nan,nan,nan,nan,nan,nan,nan,nan,nan,18,2019-11-21 13:54:46
Cherwell - Somerton,nan,nan,nan,nan,nan,nan,nan,nan,nan,nan,nan,nan,nan,nan,nan,nan,nan,nan,nan,nan,nan,nan,nan,18,2019-11-21 13:54:46
College Reservoir,0,0.0,0.0,0,0.0,0.0,1.0,0,0,0,0.0,0,0.0,1,nan,nan,nan,nan,nan,nan,nan,nan,nan,18,2019-11-21 13:54:46
Cotswold Water Park (East),(0),2.0,0.0,0,0.0,0.0,0.0,(0),0,0,0.0,0,0.0,0,nan,nan,nan,nan,nan,nan,nan,nan,nan,18,2019-11-21 13:54:46
Cranemoor Lake,nan,nan,nan,nan,nan,nan,nan,nan,nan,nan,nan,nan,nan,nan,nan,nan,nan,nan,nan,nan,nan,nan,nan,18,2019-11-21 13:54:46
Dersingham Decoy,nan,nan,nan,nan,nan,nan,nan,nan,nan,nan,nan,nan,nan,nan,nan,nan,nan,nan,nan,nan,nan,nan,nan,18,2019-11-21 13:54:46
Dumbreck Pools,(0),0.0,0.0,0,0.0,1.0,0.0,0,0,0,0.0,0,0.0,nan,nan,nan,nan,nan,nan,nan,nan,nan,nan,18,2019-11-21 13:54:46
Duns Dish,0,0.0,0.0,0,0.0,0.0,0.0,0,0,0,2.0,0,0.0,nan,nan,nan,nan,nan,nan,nan,nan,nan,nan,18,2019-11-21 13:54:46
Eglwys Nunydd Reservoir,0,1.0,0.0,0,0.0,0.0,0.0,0,0,0,0.0,0,0.0,0,nan,nan,nan,nan,nan,nan,nan,nan,nan,18,2019-11-21 13:54:46
Elvaston Quarry,nan,nan,nan,nan,nan,nan,nan,nan,nan,nan,nan,nan,nan,nan,nan,nan,nan,nan,nan,nan,nan,nan,nan,18,2019-11-21 13:54:46
Ely Beet Factory and Roswell Pits,nan,nan,nan,nan,nan,nan,0.0,nan,nan,nan,nan,nan,nan,nan,nan,nan,nan,nan,nan,nan,nan,nan,nan,18,2019-11-21 13:54:46
Eynsham Hall Large Lake,nan,nan,nan,nan,nan,nan,nan,nan,nan,nan,nan,nan,nan,nan,nan,nan,nan,nan,nan,nan,nan,nan,nan,18,2019-11-21 13:54:46
Foliejon Park,nan,nan,nan,nan,nan,nan,nan,nan,nan,nan,nan,nan,nan,nan,nan,nan,nan,nan,nan,nan,nan,nan,nan,18,2019-11-21 13:54:46
Glynde Levels,1,0.0,1.0,(0),0.0,1.0,0.0,0,0,(0),0.0,0,nan,nan,nan,nan,nan,nan,nan,nan,nan,nan,nan,18,2019-11-21 13:54:46
Great Pool (Tresco),nan,0.0,nan,nan,nan,nan,nan,nan,nan,nan,nan,nan,nan,nan,nan,nan,nan,nan,nan,nan,nan,nan,nan,18,2019-11-21 13:54:46
Gunton Park,nan,nan,nan,nan,nan,nan,nan,nan,nan,nan,nan,nan,nan,nan,nan,nan,nan,nan,nan,nan,nan,nan,nan,18,2019-11-21 13:54:46
Hever Castle Lake,nan,nan,nan,nan,nan,nan,nan,nan,nan,nan,nan,nan,nan,nan,nan,nan,nan,nan,nan,nan,nan,nan,nan,18,2019-11-21 13:54:46
Horsey Mere,0,0.0,0.0,nan,nan,nan,nan,nan,nan,nan,nan,nan,nan,nan,nan,nan,nan,nan,nan,nan,nan,nan,nan,18,2019-11-21 13:54:46
Hothfield Lake,nan,nan,nan,nan,nan,nan,nan,nan,nan,nan,nan,nan,nan,nan,nan,nan,nan,nan,nan,nan,nan,nan,nan,18,2019-11-21 13:54:46
Kimmer Lough,nan,nan,nan,nan,0.0,0.0,0.0,0,0,0,nan,nan,nan,nan,nan,nan,nan,nan,nan,nan,nan,nan,nan,18,2019-11-21 13:54:46
Leventhorpe Flood Meadows,0,0.0,0.0,0,1.0,0.0,0.0,nan,nan,nan,0.0,0,0.0,nan,nan,nan,nan,nan,nan,nan,nan,nan,nan,18,2019-11-21 13:54:46
Llanishen and Lisvane Reservoirs and Roath Park Lake,nan,nan,nan,nan,nan,nan,nan,nan,nan,nan,nan,nan,nan,nan,nan,nan,nan,nan,nan,nan,nan,nan,nan,18,2019-11-21 13:54:46
Loch Stiapavat (Lewis),0,0.0,0.0,0,nan,nan,nan,0,nan,0,nan,nan,nan,nan,nan,nan,nan,nan,nan,nan,nan,nan,nan,18,2019-11-21 13:54:46
Lydden Valley,nan,nan,nan,nan,nan,nan,nan,nan,nan,nan,nan,nan,nan,nan,nan,nan,nan,nan,nan,nan,nan,nan,nan,18,2019-11-21 13:54:46
Mersehead RSPB Reserve,nan,nan,0.0,0,0.0,0.0,0.0,0,0,1,nan,0,0.0,0,nan,nan,nan,nan,nan,nan,nan,nan,nan,18,2019-11-21 13:54:46
Micklemere,nan,nan,nan,nan,nan,nan,nan,nan,nan,1Supplementary visit under the WeBS Core Count SurveyWeBS,0.0,nan,0.0,0,0,nan,nan,nan,nan,nan,nan,nan,nan,18,2019-11-21 13:54:46
Middleton Industrial Estate,nan,nan,nan,nan,nan,0.0,nan,nan,1,2,nan,nan,nan,nan,nan,nan,nan,nan,nan,nan,nan,nan,nan,18,2019-11-21 13:54:46
Millersneuk Marsh,nan,0.0,0.0,0,0.0,0.0,0.0,(0),(1),(0),0.0,(0),0.0,(0),(0),nan,nan,nan,nan,nan,nan,nan,nan,18,2019-11-21 13:54:46
Morden Park Lake,nan,nan,0.0,0,0.0,0.0,0.0,0,0,0,nan,nan,nan,nan,nan,nan,nan,nan,nan,nan,nan,nan,nan,18,2019-11-21 13:54:46
North Banks GP (Whittlesey),nan,nan,nan,nan,nan,nan,nan,nan,nan,nan,nan,nan,nan,nan,nan,nan,nan,nan,nan,nan,nan,nan,nan,18,2019-11-21 13:54:46
North Somercotes Gravel Pits,nan,nan,nan,nan,nan,nan,nan,nan,nan,nan,nan,nan,1.0,0.0,0.0,nan,nan,nan,nan,nan,nan,nan,nan,19,2019-11-21 13:54:51
Old Denaby Flash,0.0,0.0,0.0,nan,nan,0.0,0.0,nan,nan,nan,nan,nan,nan,nan,nan,nan,nan,nan,nan,nan,nan,nan,nan,19,2019-11-21 13:54:51
Ossmere,0.0,0.0,0.0,nan,nan,0.0,nan,0.0,nan,0,0.0,4.0,0.0,0.0,0.0,nan,nan,nan,nan,nan,nan,nan,nan,19,2019-11-21 13:54:51
Peppermill Dam and Moor Loch and Keir Loch,nan,nan,nan,nan,nan,0.0,nan,nan,nan,nan,nan,nan,nan,nan,nan,nan,nan,nan,nan,nan,nan,nan,nan,19,2019-11-21 13:54:51
R Wensum: Fakenham - Gt Ryburgh (inc Pensthorpe),nan,nan,nan,nan,nan,nan,nan,nan,nan,nan,nan,nan,nan,nan,nan,nan,nan,nan,nan,nan,nan,nan,nan,19,2019-11-21 13:54:51
Rainham Quarry,nan,nan,1.0,0.0,0.0,0.0,0.0,nan,nan,nan,nan,nan,nan,nan,nan,nan,nan,nan,nan,nan,nan,nan,nan,19,2019-11-21 13:54:51
Renishaw Sewage Farm,nan,nan,nan,nan,0.0,0.0,nan,nan,nan,nan,nan,nan,nan,nan,nan,nan,nan,nan,nan,nan,nan,nan,nan,19,2019-11-21 13:54:51
River Exe - Staffords Rail Bridge to Stoke Cannon,nan,nan,nan,nan,nan,nan,nan,nan,nan,nan,nan,nan,nan,nan,nan,nan,nan,nan,nan,nan,nan,nan,nan,19,2019-11-21 13:54:51
River Soar Redhill Lock,nan,nan,nan,nan,nan,nan,nan,nan,nan,nan,nan,nan,nan,nan,nan,nan,nan,nan,nan,nan,nan,nan,nan,19,2019-11-21 13:54:51
River Stour (Corfe Mullen),nan,nan,nan,nan,nan,nan,nan,nan,nan,nan,nan,nan,nan,nan,nan,nan,nan,nan,nan,nan,nan,nan,nan,19,2019-11-21 13:54:51
River Trent - Littleborough,0.0,0.0,0.0,nan,0.0,nan,nan,nan,nan,nan,nan,nan,nan,nan,nan,nan,nan,nan,nan,nan,nan,nan,nan,19,2019-11-21 13:54:51
Rookery South (Stewartby),0.0,2.0,0.0,0.0,0.0,0.0,nan,nan,nan,nan,nan,0.0,1.0,nan,nan,nan,nan,nan,nan,nan,nan,nan,nan,19,2019-11-21 13:54:51
Shorncote Sewage Treatment Works,0.0,0.0,0.0,nan,0.0,0.0,nan,nan,nan,nan,nan,nan,nan,nan,nan,nan,nan,nan,nan,nan,nan,nan,nan,19,2019-11-21 13:54:51
Sleaford GPs,0.0,0.0,0.0,nan,nan,nan,nan,nan,nan,nan,nan,nan,nan,nan,nan,nan,nan,nan,nan,nan,nan,nan,nan,19,2019-11-21 13:54:51
South Huish Marshes and Milton Ley,nan,nan,nan,nan,nan,nan,nan,nan,nan,nan,nan,nan,nan,nan,nan,nan,nan,nan,nan,nan,nan,nan,nan,19,2019-11-21 13:54:51
Spout Wood GP,nan,nan,nan,nan,nan,nan,nan,nan,nan,nan,nan,nan,nan,nan,nan,nan,nan,nan,nan,nan,nan,nan,nan,19,2019-11-21 13:54:51
St Johns Loch,0.0,0.0,nan,nan,nan,nan,0.0,0.0,0.0,0,0.0,0.0,nan,nan,1.0,nan,nan,nan,nan,nan,nan,nan,nan,19,2019-11-21 13:54:51
St. Ouen's Pond,0.0,0.0,0.0,0.0,0.0,0.0,0.0,0.0,0.0,(0),0.0,0.0,0.0,0.0,3.0,nan,nan,nan,nan,nan,nan,nan,nan,19,2019-11-21 13:54:51
Staines Moor GPs,nan,nan,nan,nan,nan,0.0,0.0,nan,nan,nan,nan,nan,nan,nan,nan,nan,nan,nan,nan,nan,nan,nan,nan,19,2019-11-21 13:54:51
Stranraer Lochs,0.0,nan,0.0,nan,nan,nan,nan,nan,nan,nan,nan,nan,nan,nan,nan,nan,nan,nan,nan,nan,nan,nan,nan,19,2019-11-21 13:54:51
Strinesdale Lower,nan,nan,nan,nan,nan,nan,nan,nan,2.0,nan,nan,nan,nan,nan,nan,nan,nan,nan,nan,nan,nan,nan,nan,19,2019-11-21 13:54:51
Sutton Bingham Reservoir,nan,nan,nan,nan,nan,nan,nan,nan,nan,nan,nan,nan,nan,1.0,0.0,nan,nan,nan,nan,nan,nan,nan,nan,19,2019-11-21 13:54:51
Thorpe Marsh Power Station,nan,0.0,0.0,0.0,0.0,nan,nan,nan,nan,nan,nan,nan,nan,nan,nan,nan,nan,nan,nan,nan,nan,nan,nan,19,2019-11-21 13:54:51
Venus Pool,0.0,1.0,0.0,0.0,0.0,0.0,0.0,0.0,0.0,0,0.0,0.0,0.0,0.0,nan,nan,nan,nan,nan,nan,nan,nan,nan,19,2019-11-21 13:54:51
Wath Ings and Broomhill Flash,nan,nan,nan,nan,nan,nan,nan,nan,nan,nan,nan,nan,nan,nan,nan,nan,nan,nan,nan,nan,nan,nan,nan,19,2019-11-21 13:54:51
Whittlesford Gravel Pits,0.0,0.0,1.0,0.0,0.0,0.0,0.0,0.0,0.0,nan,nan,nan,nan,nan,nan,nan,nan,nan,nan,nan,nan,nan,nan,19,2019-11-21 13:54:51
Witley Court,nan,nan,nan,nan,nan,nan,nan,nan,nan,nan,nan,nan,nan,nan,nan,nan,nan,nan,nan,nan,nan,nan,nan,19,2019-11-21 13:54:51
Worth Marshes,nan,nan,nan,nan,nan,nan,nan,nan,nan,nan,nan,nan,nan,nan,nan,nan,nan,nan,nan,nan,nan,nan,nan,19,2019-11-21 13:54:51
END
